id,ranking,temp_ranking,previous_ranking,company_name,city,country,state,current_employees,last_employees,employee_growth,founded,total_funding,linkedin_url,url,Industry,Points,valuation,valuation_as_of,Contact Data
1045228,1,,,"Anysphere","San Francisco","United States","CA",1418,48,2854.17,,"$176M","http://www.linkedin.com/company/anysphereinc","anysphere.inc","AI",3002,9900000000,"June 2025"," For Contacts and mobile phone number see lead411"
966653,2,,,"ElevenLabs","New York","United States","NY",1280,450,184.44,2022,"$353M","http://www.linkedin.com/company/elevenlabsio","elevenlabs.io","AI",2721,11000000000,"February 2026"," For Contacts and mobile phone number see lead411"
977455,3,,,"Mistral AI","Paris","FRA",,916,388,136.08,2023,"$1.19B","http://www.linkedin.com/company/mistralai","mistral.ai","AI",2545,11700000000,"September 2025"," For Contacts and mobile phone number see lead411"
976147,4,,,"Figure","Sunnyvale","United States","CA",790,348,127.01,2022,"$845M","http://www.linkedin.com/company/figure-ai","figure.ai","AI",2384,39000000000,"September 2025"," For Contacts and mobile phone number see lead411"
376099,5,,,"Abridge","Pittsburgh","United States","PA",326,120,171.67,2018,"$464M","http://www.linkedin.com/company/abridgehq","abridge.com","AI",2366,5300000000,"May 2025"," For Contacts and mobile phone number see lead411"
174917,6,,,"Lightmatter","Boston","United States","MA",257,184,39.87,2017,"$422M","http://www.linkedin.com/company/lightmatter","lightmatter.co","Hardware",2332,4400000000,"October 2024"," For Contacts and mobile phone number see lead411"
9967,7,5685,,"Shield AI","San Diego","United States","CA",147,114,28.51,2015,"$1.31B","http://www.linkedin.com/company/shield-ai","shield.ai","AI",2328,5300000000,"March 2025"," For Contacts and mobile phone number see lead411"
990745,8,,,"Mercor","San Francisco","United States","CA",4300,398,980.4,2023,"$135M","http://www.linkedin.com/company/mercor-ai","mercor.com","AI",2292,10000000000,"October 2025"," For Contacts and mobile phone number see lead411"
981798,9,,,"Saronic Technologies","Austin","United States","TX",342,114,234.15,2022,"$845M","http://www.linkedin.com/company/saronic-technologies","saronic.com","AI",2231,4000000000,"February 2025"," For Contacts and mobile phone number see lead411"
977489,10,,,"Together AI","San Francisco","United States","CA",806,400,101.5,2022,"$537M","http://www.linkedin.com/company/togethercomputer","together.ai","AI",2228,8300000000,"July 2026"," For Contacts and mobile phone number see lead411"
896978,11,,,"SandboxAQ","Silicon valley","United States","CA",331,287,15.35,2021,"$950M","http://www.linkedin.com/company/sandboxaq","sandboxaq.com","AI",2213,5600000000,"December 2024"," For Contacts and mobile phone number see lead411"
379118,12,,,"Celestial AI","Santa Clara","United States","CA",146,113,29.13,2020,"$589M","http://www.linkedin.com/company/celestial-ai","celestial.ai","AI",2205,2500000000,"March 2025"," For Contacts and mobile phone number see lead411"
1014616,13,,,"Sierra","San Francisco","United States","CA",1448,560,158.57,,"$285M","http://www.linkedin.com/company/sierra","sierra.ai","AI",2201,15800000000,"May 2026"," For Contacts and mobile phone number see lead411"
1045225,14,,,"Story","San Francisco","United States","CA",119,70,69.23,,"$193M","http://www.linkedin.com/company/story-foundation","story.foundation","AI",2140,2250000000,"August 2024"," For Contacts and mobile phone number see lead411"
471268,15,,,"Chainguard","Kirkland","United States","WA",549,185,197.14,2021,"$612M","http://www.linkedin.com/company/chainguard-dev","chainguard.dev","AI",2138,3500000000,"April 2025"," For Contacts and mobile phone number see lead411"
371007,16,,,"Peregrine","San Francisco","United States","CA",259,141,83.9,2018,"$253M","http://www.linkedin.com/company/peregrine-technologies","peregrine.io","Analytics",2136,2500000000,"March 2025"," For Contacts and mobile phone number see lead411"
385878,17,,,"KoBold Metals","Berkeley","United States","CA",290,227,28.07,2018,"$941M","http://www.linkedin.com/company/koboldmetals","koboldmetals.com","Mining",2117,2960000000,"January 2025"," For Contacts and mobile phone number see lead411"
1045232,18,,,"Supabase","San Francisco","United States","Ca",200,112,78.57,2020,"$398M","http://www.linkedin.com/company/supabase","supabase.com","SaaS",2112,5000000000,"October 2025"," For Contacts and mobile phone number see lead411"
977503,19,,,"Hippocratic AI","Palo Alto","United States","CA",438,222,97.3,2023,"$278M","http://www.linkedin.com/company/hippocratic-ai-health","hippocraticai.com","AI",2103,3500000000,"November 2025"," For Contacts and mobile phone number see lead411"
393341,20,,,"Synthesia","London","UK",,537,390,37.54,2017,"$334M","http://www.linkedin.com/company/synthesia-technologies","synthesia.io","AI",2081,2100000000,"January 2025"," For Contacts and mobile phone number see lead411"
1012380,21,,,"poolside","Paris","FRA",,203,64,214.29,,"$626M","http://www.linkedin.com/company/poolsideai","poolside.ai","AI",2063,3000000000,"October 2024"," For Contacts and mobile phone number see lead411"
973363,22,,,"Harvey","San Francisco","United States","CA",2150,900,138.89,2022,"$516M","http://www.linkedin.com/company/harvey-ai","harvey.ai","AI",2038,11000000000,"February 2026"," For Contacts and mobile phone number see lead411"
1045223,23,,,"Cognition AI","New York","United States","NY",222,110,101.82,,"$342M","http://www.linkedin.com/company/cognition-ai-labs","cognition.ai","AI",2029,10200000000,"September 2025"," For Contacts and mobile phone number see lead411"
1012409,24,,,"Decagon","San Francisco","United States","CA",295,160,84.38,,"$200M","http://www.linkedin.com/company/decagon-ai","decagon.ai","AI",2026,4500000000,"January 2026"," For Contacts and mobile phone number see lead411"
372339,25,,,"Runway ML","New York","United States","NY",343,209,64.09,2018,"$544M","http://www.linkedin.com/company/runwayml","runwayml.com","AI",2008,3000000000,"April 2025"," For Contacts and mobile phone number see lead411"
885018,26,,,"Halcyon","Austin","United States","TX",292,180,61.94,2021,"$364M","http://www.linkedin.com/company/halcyonai","halcyon.ai","IT Security",1987,1000000000,"November 2024"," For Contacts and mobile phone number see lead411"
326583,27,,,"Helion Energy","Everett","United States","WA",584,352,65.91,,"$1.03B","http://www.linkedin.com/company/helion-energy","helionenergy.com","Environmental",1977,15500000000,"June 2026"," For Contacts and mobile phone number see lead411"
479681,28,,,"Vultr","West Palm Beach","United States","FL",235,155,51.8,,"$333M","http://www.linkedin.com/company/vultr","vultr.com","SaaS",1972,3500000000,"December 2024"," For Contacts and mobile phone number see lead411"
484721,29,,,"Second Front Systems","Wilmington","United States","DE",155,123,25.41,2014,"$150M","http://www.linkedin.com/company/secondfront","secondfront.com","SaaS",1953,750000000,"September 2024"," For Contacts and mobile phone number see lead411"
390689,30,,,"RadAI","Berkeley","United States","CA",193,140,37.82,2018,"$60M","http://www.linkedin.com/company/radai","radai.com","AI",1867,525000000,"January 2025"," For Contacts and mobile phone number see lead411"
977226,31,,,"Luma AI","San Francisco","United States","CA",166,55,202.08,2021,"$114M","http://www.linkedin.com/company/luma-ai","lumalabs.ai","AI",1857,300000000,"January 2024"," For Contacts and mobile phone number see lead411"
98061,32,1855,,"Groq","Mountain View","United States","CA",1026,714,43.7,2016,"$2.55B","http://www.linkedin.com/company/groq","groq.com","AI",1846,6900000000,"September 2025"," For Contacts and mobile phone number see lead411"
967996,33,,,"Neko Health","Stockholm","SWE",,258,121,112.82,2018,"$331M","http://www.linkedin.com/company/nekohealth","nekohealth.com","Hospital/Healthcare",1840,1700000000,"January 2025"," For Contacts and mobile phone number see lead411"
390625,34,,,"QuEra Computing","Boston","United States","MA",100,71,41.94,2018,"$277M","http://www.linkedin.com/company/quera-computing-inc","quera.com","Research",1838,1000000000,"February 2025"," For Contacts and mobile phone number see lead411"
319735,35,,,"Lambda","San Francisco","United States","CA",569,409,39,2012,"$1.37B","http://www.linkedin.com/company/lambda-labs","lambdalabs.com","Hardware",1831,2500000000,"February 2024"," For Contacts and mobile phone number see lead411"
1012449,36,,,"Cyberhaven","Palo Alto","United States","CA",228,135,68.97,2016,"$236M","http://www.linkedin.com/company/cyberhaven","cyberhaven.com","IT Security",1818,500000000,"April 2025"," For Contacts and mobile phone number see lead411"
480484,37,,,"Island","Dallas","United States","TX",778,519,49.89,2020,"$800M","http://www.linkedin.com/company/island-io","island.io","SaaS",1816,4800000000,"March 2025"," For Contacts and mobile phone number see lead411"
369870,38,,,"N8n","Berlin","DEU",,848,260,226.15,2019,"$73.5M","http://www.linkedin.com/company/n8n","n8n.io","AI",1810,2500000000,"October 2025"," For Contacts and mobile phone number see lead411"
377779,39,,,"BaseTen","San Francisco","United States","CA",114,49,132.65,,"$135M","http://www.linkedin.com/company/baseten","baseten.co","DevOps",1810,2150000000,"September 2025"," For Contacts and mobile phone number see lead411"
378110,40,,,"Bilt Rewards","New York","United States","NY",300,229,31.61,2021,"$563M","http://www.linkedin.com/company/biltrewards","biltrewards.com","Fintech",1805,3100000000,"January 2024"," For Contacts and mobile phone number see lead411"
897682,41,,,"Hebbia AI","New York","United States","NY",136,66,105.17,2020,"$159M","http://www.linkedin.com/company/hebbia","hebbia.ai","AI",1801,700000000,"June 2024"," For Contacts and mobile phone number see lead411"
11016,42,177,,"ZUM","Redwood City","United States","CA",528,393,34.26,,"$350M","http://www.linkedin.com/company/ridezum","ridezum.com","Transportation",1789,1300000000,"February 2024"," For Contacts and mobile phone number see lead411"
898930,43,,,"Riot","San Francisco","United States","CA",129,78,65.71,2020,"$41.9M","http://www.linkedin.com/company/tryriot","tryriot.com","IT Security",1783,170000000,"February 2025"," For Contacts and mobile phone number see lead411"
174670,44,,,"Ayar Labs","San Jose","United States","CA",203,180,13.04,2015,"$374M","http://www.linkedin.com/company/ayar-labs","ayarlabs.com","Hardware",1780,1000000000,"December 2024"," For Contacts and mobile phone number see lead411"
966675,45,,,"Upwind","San Francisco","USA","CA",344,124,177.42,2022,"$177M","http://www.linkedin.com/company/upwindsecurity","upwind.io","IT Security",1779,1500000000,"January 2026"," For Contacts and mobile phone number see lead411"
1012425,46,,,"Crusoe","Denver","United States","CO",668,386,73.07,2018,"$1.82B","http://www.linkedin.com/company/crusoe","crusoe.ai","AI",1770,2800000000,"December 2024"," For Contacts and mobile phone number see lead411"
471593,47,,,"Cynomi","Herzliya","ISR",,85,46,82.93,2020,"$60M","http://www.linkedin.com/company/cynomi","cynomi.com","IT Security",1760,140000000,"April 2025"," For Contacts and mobile phone number see lead411"
977479,48,,,"Windsurf","Mountain View","United States","CA",258,54,380.49,,"$243M","http://www.linkedin.com/company/windsurf","windsurf.com","AI",1751,1250000000,"August 2024"," For Contacts and mobile phone number see lead411"
195597,49,,,"Just Salad","New York","United States","NY",626,522,19.67,,"$436M","http://www.linkedin.com/company/just-salad","justsalad.com","Restaurants",1741,1000000000,"February 2025"," For Contacts and mobile phone number see lead411"
394078,50,,,"Tines","Dublin","IRL",,432,321,34.51,2018,"$272M","http://www.linkedin.com/company/tines-io","tines.com","IT Security",1738,1130000000,"February 2025"," For Contacts and mobile phone number see lead411"
1012439,52,,,"Hightouch","San Francisco","United States","CA",381,244,55.98,,"$172M","http://www.linkedin.com/company/hightouchio","hightouch.com","AI",1725,1200000000,"February 2025"," For Contacts and mobile phone number see lead411"
175385,53,,,"Nerdio","Chicago","United States","IL",336,206,63.74,2016,"$627M","http://www.linkedin.com/company/getnerdio","getnerdio.com","SaaS",1696,1200000000,"March 2025"," For Contacts and mobile phone number see lead411"
972736,54,,,"EliseAI","New York","United States","NY",285,165,72.85,2017,"$172M","http://www.linkedin.com/company/eliseai","eliseai.com","AI",1685,1000000000,"August 2024"," For Contacts and mobile phone number see lead411"
341348,55,,,"Farther Finance","New York","United States","NY",616,300,105.33,2019,"$124M","http://www.linkedin.com/company/fartherfinance","farther.com","Finance",1682,1000000000,"May 2026"," For Contacts and mobile phone number see lead411"
315975,56,,,"Nimble","San Francisco","United States","CA",253,204,24.1,2017,"$221M","http://www.linkedin.com/company/nimble-robotics","nimble.ai","Logistics",1677,1000000000,"October 2024"," For Contacts and mobile phone number see lead411"
172180,57,,,"Enfinity Global","Madrid","ESP",,223,164,35.84,2006,"$867M","http://www.linkedin.com/company/enfinity","enfinity.global","Environmental",1673,,," For Contacts and mobile phone number see lead411"
977467,58,,,"Quantinuum","Broomfield","United States","CO",664,563,17.84,2021,"$325M","http://www.linkedin.com/company/quantinuumqc","quantinuum.com","Fintech",1670,5000000000,"January 2024"," For Contacts and mobile phone number see lead411"
752104,59,,,"Bending Spoons","Milan","ITA",,587,471,24.38,2013,"$747M","http://www.linkedin.com/company/bendingspoons","bendingspoons.com","SaaS",1669,2600000000,"February 2024"," For Contacts and mobile phone number see lead411"
1012401,60,,,"11x","San Francisco","United States","CA",244,39,1056.67,2023,"$76.1M","http://www.linkedin.com/company/11x-ai","11x.ai","AI",1639,350000000,"October 2024"," For Contacts and mobile phone number see lead411"
977486,61,,,"Antithesis","Vienna","United States","VA",106,73,46.3,,"$47M","http://www.linkedin.com/company/antithesis-operations","antithesis.com","DevOps",1631,215000000,"February 2024"," For Contacts and mobile phone number see lead411"
175631,62,,,"OLIPOP PBC","Oakland","United States","CA",440,267,64.61,2017,"$243M","http://www.linkedin.com/company/olipop-pbc","drinkolipop.com","Food",1628,1850000000,"February 2025"," For Contacts and mobile phone number see lead411"
314244,63,,,"Truveta","Seattle","United States","WA",387,359,7.89,2020,"$515M","http://www.linkedin.com/company/truveta","truveta.com","Digital Health",1621,1000000000,"January 2025"," For Contacts and mobile phone number see lead411"
985946,64,,,"Dream","Tel-Aviv","ISR",,198,121,63.89,2022,"$154M","http://www.linkedin.com/company/dreamsecurity","dreamgroup.com","IT Security",1596,1100000000,"February 2025"," For Contacts and mobile phone number see lead411"
1014159,65,,,"SchoolAI","Lehi","United States","UT",268,23,620.83,2023,"$32M","http://www.linkedin.com/company/getschoolai","schoolai.com","AI",1595,,," For Contacts and mobile phone number see lead411"
1012424,66,,,"Speak","San Francisco","United States","CA",240,163,46.9,,"$161M","http://www.linkedin.com/company/usespeak","speak.com","AI",1590,1000000000,"December 2024"," For Contacts and mobile phone number see lead411"
328825,67,,,"Nirvana","San Francisco","United States","CA",246,75,228,2020,"$162M","http://www.linkedin.com/company/nirvana-tech","nirvanatech.com","Insurance",1582,1500000000,"December 2025"," For Contacts and mobile phone number see lead411"
315401,68,,,"Hugging Face","New York","United States","NY",571,369,54.68,2016,"$395M","http://www.linkedin.com/company/huggingface","huggingface.co","AI",1581,4500000000,"August 2023"," For Contacts and mobile phone number see lead411"
1012379,69,,,"Pika","Palo Alto","United States","CA",204,80,158.06,2023,"$141M","http://www.linkedin.com/company/pika-labs","pika.art","AI",1561,470000000,"June 2024"," For Contacts and mobile phone number see lead411"
175624,70,,,"BuildOps","Santa Monica","United States","CA",522,360,45,2018,"$273M","http://www.linkedin.com/company/buildops","buildops.com","DevOps",1551,1000000000,"March 2025"," For Contacts and mobile phone number see lead411"
373901,71,,,"Tailscale","Toronto","CAN","ON",196,159,23.36,2019,"$277M","http://www.linkedin.com/company/tailscale","tailscale.com","IT Security",1537,1500000000,"April 2025"," For Contacts and mobile phone number see lead411"
1012400,72,,,"Crescendo","San Francisco","United States","CA",73,26,175,,"$50M","http://www.linkedin.com/company/crescendocx","crescendo.ai","AI",1535,500000000,"October 2024"," For Contacts and mobile phone number see lead411"
374115,73,,,"Temporal Technologies","Bellevue","United States","WA",331,265,25.12,2019,"$349M","http://www.linkedin.com/company/temporal-technologies","temporal.io","DevOps",1528,1720000000,"April 2025"," For Contacts and mobile phone number see lead411"
384282,74,,,"Hostaway","Miami","United States","FL",274,195,40.7,2015,"$178M","http://www.linkedin.com/company/hostaway","hostaway.com","SaaS",1521,925000000,"December 2024"," For Contacts and mobile phone number see lead411"
977506,75,,,"HeyGen","Los Angeles","United States","CA",218,80,170.59,2020,"$65.6M","http://www.linkedin.com/company/heygen","heygen.com","AI",1506,500000000,"June 2024"," For Contacts and mobile phone number see lead411"
471143,76,,,"Cortex","San Francisco","United States","CA",138,96,44.33,2019,"$113M","http://www.linkedin.com/company/cortexapp","cortex.io","SaaS",1505,470000000,"September 2024"," For Contacts and mobile phone number see lead411"
977464,77,,,"HashKey Group","Hong Kong","HONG KONG",,261,197,32.47,2018,"$130M","http://www.linkedin.com/company/hashkey-digital-asset-group","hashkey.com","Fintech",1490,1200000000,"January 2024"," For Contacts and mobile phone number see lead411"
1012394,78,,,"Novatus Global","London","UK",,109,51,113.16,2019,"$75K","http://www.linkedin.com/company/novatus-global","novatus.global","Fintech",1482,150000000,"September 2024"," For Contacts and mobile phone number see lead411"
385812,79,,,"Kiteworks","San Mateo","United States","CA",312,266,17.48,1999,"$610M","http://www.linkedin.com/company/kiteworkscgcp","kiteworks.com","IT Security",1478,1000000000,"August 2024"," For Contacts and mobile phone number see lead411"
89325,80,,,"Tenstorrent","Toronto","CAN","ON",835,534,56.12,2016,"$1.03B","http://www.linkedin.com/company/tenstorrent-inc.","tenstorrent.com","Hardware",1469,2600000000,"December 2024"," For Contacts and mobile phone number see lead411"
334426,81,,,"Apptronik Systems","Austin","United States","TX",247,133,86.54,2015,"$441M","http://www.linkedin.com/company/apptronik-inc.","apptronik.com","AI",1465,,," For Contacts and mobile phone number see lead411"
319394,82,,,"Altana Trade","New York","United States","NY",268,190,40.85,,"$344M","http://www.linkedin.com/company/altana-ai","altana.ai","AI",1463,1000000000,"July 2024"," For Contacts and mobile phone number see lead411"
102863,83,,,"Marshmallow","London","UK",,796,624,27.56,2017,"$221M","http://www.linkedin.com/company/marshmallowltd","marshmallow.com","Fintech",1455,2000000000,"April 2025"," For Contacts and mobile phone number see lead411"
885368,84,,,"Flip","Los Angeles","United States","CA",309,271,13.93,2019,"$306M","http://www.linkedin.com/company/joinflip","flip.shop","SaaS",1435,1050000000,"April 2024"," For Contacts and mobile phone number see lead411"
977477,85,,,"Krutrim","Bangalore","IND",,559,286,95.32,,"$74M","http://www.linkedin.com/company/krutrim","olakrutrim.com","AI",1434,1000000000,"January 2024"," For Contacts and mobile phone number see lead411"
885338,86,,,"Cosm","Los Angeles","United States","CA",705,428,64.5,2020,"$251M","http://www.linkedin.com/company/experiencecosm","cosm.com","Entertainment",1432,1000000000,"July 2024"," For Contacts and mobile phone number see lead411"
381997,87,,,"EvenUp","San Francisco","United States","CA",620,444,39.64,2019,"$235M","http://www.linkedin.com/company/evenup","evenuplaw.com","LegalTech",1426,2000000000,"October 2025"," For Contacts and mobile phone number see lead411"
376377,88,,,"Aescape","New York","United States","NY",167,146,14.6,2017,"$131M","http://www.linkedin.com/company/aescape","aescape.com","Health",1422,250000000,"March 2025"," For Contacts and mobile phone number see lead411"
175019,89,,,"Huntress Labs","Columbia","United States","MD",694,513,35.31,2015,"$298M","http://www.linkedin.com/company/huntress-labs","huntress.com","IT Security",1419,1550000000,"June 2024"," For Contacts and mobile phone number see lead411"
387408,90,,,"Meter","San Francisco","United States","CA",121,98,23.47,2015,"$84.1M","http://www.linkedin.com/company/meter-com","meter.com","Networking",1415,1000000000,"June 2025"," For Contacts and mobile phone number see lead411"
1028405,91,,,"Lovable","Stockholm","United States",,548,60,813.33,2023,"$22.5M","http://www.linkedin.com/company/lovable-dev","lovable.dev","SaaS",1410,1800000000,"July 2025"," For Contacts and mobile phone number see lead411"
972711,92,,,"Clay","New York","United States","NY",876,450,94.67,,"$102M","http://www.linkedin.com/company/clay-hq","clay.com","SalesTech",1401,3100000000,"August 2025"," For Contacts and mobile phone number see lead411"
360964,93,,,"9fin","London","UK",,916,660,38.79,2016,"$88.6M","http://www.linkedin.com/company/9fin","9fin.com","Fintech",1384,1300000000,"March 2026"," For Contacts and mobile phone number see lead411"
977478,94,,,"XREAL","Beijing","CHN",,161,157,2.8,2017,"$300M","http://www.linkedin.com/company/xreal-com","xreal.com","Gaming",1384,1000000000,"January 2024"," For Contacts and mobile phone number see lead411"
174858,95,,,"Semperis","Hoboken","United States","NJ",555,449,23.73,2013,"$382M","http://www.linkedin.com/company/semperis","semperis.com","IT Security",1380,1000000000,"June 2024"," For Contacts and mobile phone number see lead411"
730571,96,,,"Aven","San Francisco","United States","CA",151,119,27.06,2019,"$142M","http://www.linkedin.com/company/avencard","aven.com","Finance",1378,1000000000,"July 2024"," For Contacts and mobile phone number see lead411"
371086,97,,,"PhotoRoom","Paris","FRA",,568,348,63.25,2019,"$75.3M","http://www.linkedin.com/company/photoroom","photoroom.com","AI",1376,500000000,"February 2024"," For Contacts and mobile phone number see lead411"
670231,98,,,"Inszone Insurance Services","Rancho Cordova","United States","CA",575,433,32.92,2002,"$141M","http://www.linkedin.com/company/inszone-insurance-services-inc-","inszoneinsurance.com","Insurance",1373,,," For Contacts and mobile phone number see lead411"
884508,99,,,"Arevon Energy","Scottsdale","United States","AZ",344,280,22.71,2017,"$386M","http://www.linkedin.com/company/arevon","arevonenergy.com","Energy",1370,,," For Contacts and mobile phone number see lead411"
977485,100,,,"Mechanical Orchard","San Francisco","United States","CA",122,91,35,2022,"$86.2M","http://www.linkedin.com/company/mechanical-orchard","mechanical-orchard.com","AI",1368,95000000,"February 2024"," For Contacts and mobile phone number see lead411"
885409,101,,,"Rain","Santa Monica","United States","CA",337,317,6.07,2019,"$21.7K","http://www.linkedin.com/company/rain-app","rainapp.com","Finance",1367,,"April 2025"," For Contacts and mobile phone number see lead411"
11114,102,,,"Dtex Systems","Saratoga","United States","CA",193,146,32.12,2002,"$127M","http://www.linkedin.com/company/dtex-systems","dtexsystems.com","IT Security",1365,400000000,"March 2024"," For Contacts and mobile phone number see lead411"
1012372,103,,,"PolyAI","London","UK",,268,179,50.66,2017,"$149M","http://www.linkedin.com/company/polyai","poly.ai","AI",1336,500000000,"May 2024"," For Contacts and mobile phone number see lead411"
382425,104,,,"finmid","Berlin","DEU",,84,61,38.18,2021,"$52.1M","http://www.linkedin.com/company/finmid","finmid.com","Fintech",1334,107000000,"April 2024"," For Contacts and mobile phone number see lead411"
11447,105,187,,"Weka.IO","Campbell","United States","CA",520,411,26.35,2014,"$275M","http://www.linkedin.com/company/weka-io","weka.io","AI",1329,1600000000,"May 2024"," For Contacts and mobile phone number see lead411"
374209,106,,,"The Browser Company","New York","United States","NY",143,81,76.62,2019,"$125M","http://www.linkedin.com/company/the-browser-company","thebrowser.company","SaaS",1326,500000000,"March 2024"," For Contacts and mobile phone number see lead411"
175217,107,,,"Liquid Death Mountain Water","Santa Monica","United States","CA",454,440,3.09,2017,"$341M","http://www.linkedin.com/company/liquid-death","liquiddeath.com","Food",1325,1400000000,"March 2024"," For Contacts and mobile phone number see lead411"
885665,108,,,"Watershed","San Francisco","United States","CA",580,432,34.12,2019,"$210M","http://www.linkedin.com/company/watershedclimate","watershed.com","SaaS",1321,1800000000,"February 2024"," For Contacts and mobile phone number see lead411"
19448,109,,,"CData Software","Chapel Hill","United States","NC",467,415,12.53,,"$235M","http://www.linkedin.com/company/cdatasoftware","cdata.com","SaaS",1318,800000000,"June 2024"," For Contacts and mobile phone number see lead411"
320403,110,,,"Atlan","New York","United States","NY",491,349,40.53,2019,"$179M","http://www.linkedin.com/company/atlan-hq","atlan.com","SaaS",1318,750000000,"May 2024"," For Contacts and mobile phone number see lead411"
371890,111,,,"Rebellions","Seoul","SOUTH KOREA",,163,98,66.29,2020,"$225M","http://www.linkedin.com/company/rebellions-ai","rebellions.ai","AI",1311,658000000,"January 2024"," For Contacts and mobile phone number see lead411"
891546,112,,,"Hailo","Tel Aviv","ISR",,303,281,7.91,2017,"$341M","http://www.linkedin.com/company/hailo-ai","hailo.ai","Semiconductors",1310,1200000000,"April 2024"," For Contacts and mobile phone number see lead411"
10764,113,2873,,"Suki","Redwood City","United States","CA",347,241,43.9,2017,"$165M","http://www.linkedin.com/company/sukihq","suki.ai","Digital Health",1301,500000000,"October 2024"," For Contacts and mobile phone number see lead411"
172648,114,,,"Silverfort","Tel Aviv","ISR",,511,366,39.88,2016,"$223M","http://www.linkedin.com/company/silverfort","silverfort.com","IT Security",1292,1000000000,"January 2024"," For Contacts and mobile phone number see lead411"
897517,115,,,"Omni","San Francisco","United States","CA",551,370,48.94,2022,"$116","http://www.linkedin.com/company/exploreomni","exploreomni.com","SaaS",1286,650000000,"March 2025"," For Contacts and mobile phone number see lead411"
475324,116,,,"NomuPay","Dublin","IRL",,236,215,9.44,2021,"$139M","http://www.linkedin.com/company/nomupay","nomupay.com","Finance",1281,200000000,"January 2025"," For Contacts and mobile phone number see lead411"
1014613,117,,,"Artisan AI","San Francisco","United States","CA",368,60,509.76,,"$39.3M","http://www.linkedin.com/company/artisanai","artisan.co","AI",1279,,," For Contacts and mobile phone number see lead411"
891769,118,,,"DataSnipper","Amsterdam","NLD",,247,189,30.68,2017,"$100M","http://www.linkedin.com/company/datasnipper","datasnipper.com","SaaS",1270,1000000000,"February 2024"," For Contacts and mobile phone number see lead411"
366590,119,,,"Pigment","Paris","FRA",,577,408,41.24,2019,"$400M","http://www.linkedin.com/company/pigment","pigment.com","Tech Services",1258,1000000000,"April 2024"," For Contacts and mobile phone number see lead411"
1012326,120,,,"Polyhedra Network","San Francisco","United States","CA",23,17,41.18,,"$45M","http://www.linkedin.com/company/polyhedrazk","polyhedra.network","SaaS",1255,1250000000,"March 2024"," For Contacts and mobile phone number see lead411"
977504,121,,,"Moove","Lagos","NIGERIA",,741,731,1.44,2019,"$409M","http://www.linkedin.com/company/moove-io","moove.io","Fintech",1250,750000000,"March 2024"," For Contacts and mobile phone number see lead411"
976052,122,,,"Orby AI","Mountain View","United States","CA",50,20,152.63,2022,"$34.5M","http://www.linkedin.com/company/orby-ai","orby.ai","AI",1240,100000000,"June 2024"," For Contacts and mobile phone number see lead411"
891575,123,,,"ONE ZERO BANK","Tel Aviv","ISR",,367,40,833.33,2019,"$342M","http://www.linkedin.com/company/one-zero-digital-private-bank","onezerobank.com","Finance",1227,,," For Contacts and mobile phone number see lead411"
328602,124,,,"Mynt","Stockholm","SWE",,54,40,35.29,2019,"$56.3M","http://www.linkedin.com/company/myntab","mynt.com","Fintech",1208,210000000,"December 2024"," For Contacts and mobile phone number see lead411"
1024139,125,,,"EGYM | DACH","Munich","DEU",,378,375,0.71,2010,"$627M","http://www.linkedin.com/company/egym-gmbh","egym.com/de","Fitness",1204,1200000000,"September 2024"," For Contacts and mobile phone number see lead411"
319889,126,,,"Cohere","Toronto","CAN","ON",1614,1550,4.13,2019,"$940M","http://www.linkedin.com/company/cohere-ai","cohere.com","AI",1196,6800000000,"August 2025"," For Contacts and mobile phone number see lead411"
1012423,127,,,"Reputation.com","San Francisco","United States","CA",736,292,150,2024,"$40M","http://www.linkedin.com/company/reputation-com","reputation.com","Internet",1194,200000000,"December 2024"," For Contacts and mobile phone number see lead411"
3691,128,4289,,"Oura","Oulu","FIN",,1056,764,38.22,2013,"$148.3 M","http://www.linkedin.com/company/oura","ouraring.com","Digital Health",1193,11000000000,"October 2025"," For Contacts and mobile phone number see lead411"
460281,129,,,"TS Conductor","Arcadia","United States","CA",118,65,81.82,,"$85.1M","http://www.linkedin.com/company/ts-conductor","tsconductor.com","Utilities",1189,,," For Contacts and mobile phone number see lead411"
1012450,130,,,"krea.ai","San Francisco","United States","CA",45,20,125,,"$83M","http://www.linkedin.com/company/krea-ai","krea.ai","AI",1182,500000000,"April 2025"," For Contacts and mobile phone number see lead411"
9916,131,759,,"Netradyne","San Diego","United States","CA",986,947,4.23,2015,"$362M","http://www.linkedin.com/company/netradyne","netradyne.com","Analytics",1179,1200000000,"January 2025"," For Contacts and mobile phone number see lead411"
315622,132,,,"Snorkel AI","Redwood City","United States","CA",741,168,341.07,2019,"$138M","http://www.linkedin.com/company/snorkel-ai","snorkel.ai","AI",1170,1300000000,"May 2025"," For Contacts and mobile phone number see lead411"
229199,133,,,"Firefly Space Systems","Cedar Park","United States","TX",973,772,26.04,,"$659M","http://www.linkedin.com/company/fireflyspace","fireflyspace.com","Aviation",1162,2000000000,"May 2024"," For Contacts and mobile phone number see lead411"
396599,134,,,"Zip","San Francisco","United States","CA",993,691,43.76,2020,"$371M","http://www.linkedin.com/company/theziphq","ziphq.com","Fintech",1153,2200000000,"October 2024"," For Contacts and mobile phone number see lead411"
479074,135,,,"Flo Health","London","UK",,724,635,13.97,2016,"$299M","http://www.linkedin.com/company/flohealth","flo.health","Tech Services",1152,1000000000,"July 2024"," For Contacts and mobile phone number see lead411"
218885,136,,,"The Row","New York","United States","NY",528,424,24.66,2007,"$1.3M","http://www.linkedin.com/company/the-row-llc-dualstar-entertainment-group","therow.com","Apparel",1147,1000000000,"September 2024"," For Contacts and mobile phone number see lead411"
321344,137,,,"Lyten","San Jose","United States","CA",352,308,14.34,2015,"$1.13B","http://www.linkedin.com/company/lyten-inc","lyten.com","Environmental",1145,1400000000,"September 2023"," For Contacts and mobile phone number see lead411"
1014420,138,,,"Supernova Energy Corporation","Newport Beach","United States","CA",491,51,870,2018,,"http://www.linkedin.com/company/supernovaenergy","supernovaenergy.solar","Energy",1142,,," For Contacts and mobile phone number see lead411"
1012433,139,,,"Phantom Technologies LTD","Petah-Tikva","ISR",,24,19,25,1966,"$268M","http://www.linkedin.com/company/phantom-technologies-ltd","phantom-technologies.com","Fintech",1137,3000000000,"January 2025"," For Contacts and mobile phone number see lead411"
175758,140,,,"Braintrust","San Francisco","United States","CA",454,363,25.28,2018,"$47.9M","http://www.linkedin.com/company/usebraintrust","usebraintrust.com","Fintech",1130,150000000,"October 2024"," For Contacts and mobile phone number see lead411"
312856,141,,,"Rio All-Suite Hotel and Casino Las Vegas","Las Vegas","United States","NV",389,333,17.09,1990,"$1.7B","http://www.linkedin.com/company/riolasvegas","caesars.com","Casinos",1129,,," For Contacts and mobile phone number see lead411"
897931,142,,,"Hume AI","New York","United States","NY",59,43,37.5,2021,"$66.9M","http://www.linkedin.com/company/hume-ai","hume.ai","AI",1118,219000000,"March 2024"," For Contacts and mobile phone number see lead411"
13076,143,,,"SpecterOps","McLean","United States","VA",227,146,56.2,2017,"$133M","http://www.linkedin.com/company/specterops","specterops.io","IT Security",1106,,," For Contacts and mobile phone number see lead411"
175085,144,,,"Lendbuzz","Boston","United States","MA",456,377,21.01,2015,"$1.66B","http://www.linkedin.com/company/lendbuzz","lendbuzz.com","Fintech",1106,1100000000,"October 2023"," For Contacts and mobile phone number see lead411"
6848,145,36,,"BigID","New York","United States","NY",768,629,22.15,2016,"$258M","http://www.linkedin.com/company/bigid","bigid.com","IT Security",1097,1000000000,"March 2024"," For Contacts and mobile phone number see lead411"
886812,146,,,"Stonepeak","New York","United States","NY",340,280,21.18,2011,"$185M","http://www.linkedin.com/company/stonepeakpartners","stonepeak.com","Investments",1077,,," For Contacts and mobile phone number see lead411"
321351,147,,,"Mainspring Energy","Menlo Park","United States","CA",584,472,23.7,,"$804M","http://www.linkedin.com/company/mainspringenergy","mainspringenergy.com","Environmental",1074,,," For Contacts and mobile phone number see lead411"
87735,148,736,,"Guesty","Hillsborough","United States","CA",783,683,14.77,2013,"$409M","http://www.linkedin.com/company/guesty","guesty.com","Real Estate Tech",1072,900000000,"April 2024"," For Contacts and mobile phone number see lead411"
390647,149,,,"Net Zero Power Infrastructure","London","UK",,87,62,39.58,2015,,"http://www.linkedin.com/company/quinbrook-infrastructure-partners","quinbrook.com","Fintech",1058,,," For Contacts and mobile phone number see lead411"
319723,150,,,"DevRev","Palo Alto","United States","CA",804,536,50.15,2020,"$186M","http://www.linkedin.com/company/devrev","devrev.ai","AI",1043,1150000000,"October 2024"," For Contacts and mobile phone number see lead411"
9485,151,,,"EVgo","Los Angeles","United States","CA",460,407,12.82,2010,,"http://www.linkedin.com/company/evgo","evgo.com","Automotive",1040,590449000,"January 2022"," For Contacts and mobile phone number see lead411"
990488,152,,,"K2 Space Corporation","Los Angeles","United States","CA",129,52,148.78,2022,"$176M","http://www.linkedin.com/company/k2-space","k2space.com","Defense",1038,,," For Contacts and mobile phone number see lead411"
1020361,153,,,"Castelion","El Segundo","United States","CA",136,55,145.45,2022,"$114M","http://www.linkedin.com/company/castelion","castelion.com","Defense",1036,,," For Contacts and mobile phone number see lead411"
890426,154,,,"Pennylane","Paris","FRA",,741,551,34.51,2020,"$155M","http://www.linkedin.com/company/pennylaneaccounting","pennylane.com/fr","Accounting",1031,1077815000,"February 2024"," For Contacts and mobile phone number see lead411"
236286,155,,,"Zekelman Industries","Chicago","United States","IL",888,823,7.86,,"$2.18B","http://www.linkedin.com/company/zekelman-industries","zekelman.com","Materials",1030,,," For Contacts and mobile phone number see lead411"
330002,156,,,"REGENT Craft","Burlington","United States","MA",293,219,33.54,,"$145M","http://www.linkedin.com/company/regentcraft","regentcraft.com","Maritime",1017,,," For Contacts and mobile phone number see lead411"
1014748,157,,,"Base Power Company","Austin","United States","TX",160,40,296.15,2023,"$276M","http://www.linkedin.com/company/basepowercompany","basepowercompany.com","Energy",1009,,," For Contacts and mobile phone number see lead411"
1019182,158,,,"SureX Life","Mogale City","ZAF",,157,20,673.33,,,"http://www.linkedin.com/company/surex-life","surex.insure","Insurance",1008,,," For Contacts and mobile phone number see lead411"
13058,159,6308,,"Greenbrook TMS NeuroHealth Centers","McLean","United States","VA",415,410,1.16,2010,"$86.2M","http://www.linkedin.com/company/tms-neurohealth-centers","greenbrooktms.com","Healthcare",1006,,," For Contacts and mobile phone number see lead411"
11050,160,1398,,"Kong","San Francisco","United States","CA",974,716,36.11,2017,"$364M","http://www.linkedin.com/company/konghq","konghq.com","DevOps",1002,2000000000,"November 2024"," For Contacts and mobile phone number see lead411"
156447,161,,,"Hoppy Brewing Company","Sacramento","United States","CA",193,25,674.07,,,"http://www.linkedin.com/company/hoppy-app-ltd","hoppy.com","Marketing",990,,," For Contacts and mobile phone number see lead411"
938565,162,,,"Highbrow Technology","Cary","United States","NC",193,25,669.23,2011,,"http://www.linkedin.com/company/highbrow-technology-inc","highbrowtechnology.com","Tech Services",990,,," For Contacts and mobile phone number see lead411"
971489,163,,,"Gensol Electric Vehicles","Pune","INDIA",,435,216,100.63,2022,,"http://www.linkedin.com/company/gensol-engineering-ltd","gensol.in","Automotive",988,,," For Contacts and mobile phone number see lead411"
381916,164,,,"esVolta","Aliso Viejo","United States","CA",125,99,25.68,2017,"$185M","http://www.linkedin.com/company/esvolta-lp","esvolta.com","Utilities",985,,," For Contacts and mobile phone number see lead411"
384419,165,,,"Hydrostor","Toronto","CAN","ON",160,115,38.55,2010,,"http://www.linkedin.com/company/hydrostor-inc-","hydrostor.ca","Energy/Oil",983,,," For Contacts and mobile phone number see lead411"
315890,166,,,"Intersect Power","Beaverton","United States","OR",344,278,23.79,2016,"$3.27B","http://www.linkedin.com/company/intersect-power","intersectpower.com","Environmental",983,,," For Contacts and mobile phone number see lead411"
480572,167,,,"Cadbury Schweppes Bottling Group","Plano","United States","TX",209,127,64.21,2006,,"http://www.linkedin.com/company/cadbury-schweppes-bottling-group","keurigdrpepper.com","Food",980,,," For Contacts and mobile phone number see lead411"
743002,168,,,"FTAI Aviation","New York","United States","NY",290,99,192.19,2014,,"http://www.linkedin.com/company/ftai-aviation-llc","ftaiaviation.com","Aviation",980,,," For Contacts and mobile phone number see lead411"
706336,169,,,"Second City Works","Chicago","United States","IL",757,80,840.79,1986,,"http://www.linkedin.com/company/second-city-works","secondcityworks.com","Training",964,,," For Contacts and mobile phone number see lead411"
1022489,170,,,"UnifyApps","Haryana","INDIA",,209,39,435.14,,"$33.4M","http://www.linkedin.com/company/unifyapps","unifyapps.com","SaaS",961,,," For Contacts and mobile phone number see lead411"
988898,171,,,"Tennr","New York","United States","NY",135,43,213.95,2021,"$58M","http://www.linkedin.com/company/tennrai","tennr.com","Hospital/Healthcare",957,605000000,"June 2025"," For Contacts and mobile phone number see lead411"
140164,172,,,"Iteris","Santa Ana","United States","CA",653,646,0.96,2004,"$6.5M","http://www.linkedin.com/company/iteris-inc-","iteris.com","SaaS",953,,," For Contacts and mobile phone number see lead411"
59998,173,,,"DataBank","Dallas","United States","TX",858,786,9.12,2005,"$5.58B","http://www.linkedin.com/company/databank","databank.com","Tech Services",947,,," For Contacts and mobile phone number see lead411"
975101,174,,,"Abroad Jobs","MUMBAI","IND",,133,18,637.5,,,"http://www.linkedin.com/company/abroadvacancies",,"HR",942,,," For Contacts and mobile phone number see lead411"
472,175,1756,,"Hotel Engine","Denver","United States","CO",637,603,5.54,2013,"$81M","http://www.linkedin.com/company/hotel-engine","hotelengine.com","Hospitality",942,2100000000,"September 2024"," For Contacts and mobile phone number see lead411"
88593,176,,,"STACK INFRASTRUCTURE","Denver","United States","CO",928,689,34.76,2019,"$10.1B","http://www.linkedin.com/company/stackinfrastructure","stackinfra.com","Tech Services",941,,," For Contacts and mobile phone number see lead411"
913750,177,,,"Interactive Data","Charleston","United States","WV",356,46,679.55,,,"http://www.linkedin.com/company/interactive-data-inc.","interactivedatainc.com","Tech Services",935,,," For Contacts and mobile phone number see lead411"
11795,178,,,"WORK Personnel Services","San Francisco","United States","CA",101,96,5.49,2015,,"http://www.linkedin.com/company/atworksf","atwork.com","HR",935,,," For Contacts and mobile phone number see lead411"
471464,179,,,"Electra.aero","Falls Church","United States","VA",96,60,60,2020,"$235M","http://www.linkedin.com/company/electra-aero","electra.aero","Aviation",925,,," For Contacts and mobile phone number see lead411"
372192,180,,,"Riverlane","Cambridge","UK",,960,885,8.13,2017,"$127M","http://www.linkedin.com/company/river-lane-research-ltd","riverlane.com","Saas",919,400000000,"August 2024"," For Contacts and mobile phone number see lead411"
128058,181,,,"Astra Security","Paris","FRA",,102,76,34.29,2013,"$2.85M","http://www.linkedin.com/company/getastra","getastra.com","IT Security",915,,," For Contacts and mobile phone number see lead411"
17254,182,,,"Opus Talent Solutions","Bristol","UK",,639,75,747.3,2008,,"http://www.linkedin.com/company/opus-professional-services-group","opustalentsolutions.com","Recruiting",912,,," For Contacts and mobile phone number see lead411"
970560,183,,,"Women Automotive Network","London","UK",,165,23,615.79,,,"http://www.linkedin.com/company/women-automotive-network","womenautomotivenetwork.com","Nonprofit",911,,," For Contacts and mobile phone number see lead411"
459064,184,,,"Valley Home Care","Scranton","United States","PA",129,18,630.77,,,"http://www.linkedin.com/company/valleyhhc","valleyhhc.com","Hospital/Healthcare",910,,," For Contacts and mobile phone number see lead411"
1028022,185,,,"ACME Solar","Haryana","INDIA",,170,34,400,,,"http://www.linkedin.com/company/acme-solar-in","acmesolar.in","Energy",906,,," For Contacts and mobile phone number see lead411"
221469,186,,,"Capstone","New York","United States","NY",468,426,9.94,,,"http://www.linkedin.com/company/capstone-investment-advisors","capstoneco.com","Finance",906,,," For Contacts and mobile phone number see lead411"
860649,187,,,"Yum! Kitchen and Bakery","Minneapolis","United States","MN",295,40,636.67,,,"http://www.linkedin.com/company/yum-kitchen-and-bakery","yumkitchen.com","Food",903,,," For Contacts and mobile phone number see lead411"
1014157,188,,,"English Language and Literature","Provo","United States","UT",413,53,677.78,2018,,"http://www.linkedin.com/company/english-language-and-literature","englishlanguageandliterature.com","E-Learning Providers",903,,," For Contacts and mobile phone number see lead411"
714322,189,,,"Tacom Limited","Columbus","United States","OH",121,17,628.57,2009,,"http://www.linkedin.com/company/tacom-limited","tacomlimited.com","Consumer",903,,," For Contacts and mobile phone number see lead411"
1028903,190,,,"Plata Card","Mexico City","MEX",,1121,725,54.62,2022,"$415M","http://www.linkedin.com/company/platacard","platacard.mx","Finance",897,3100000000,"October 2025"," For Contacts and mobile phone number see lead411"
980009,191,,,"Signia by Hilton Atlanta","Atlanta","United States","GA",191,27,606.25,2024,,"http://www.linkedin.com/company/signiabyhiltonatlanta","signiabyhiltonatlanta.com","Hospitality",896,,," For Contacts and mobile phone number see lead411"
838089,192,,,"Ocean Sports Hawaii","Honolulu","United States","HI",342,46,643.24,,,"http://www.linkedin.com/company/ocean-sports-hawaii","hawaiioceansports.com","Hospitality",893,,," For Contacts and mobile phone number see lead411"
480864,193,,,"VinFast US","Playa Vista","United States","CA",243,218,10.84,,,"http://www.linkedin.com/company/vinfast-us","vinfastauto.us","Automotive",887,,," For Contacts and mobile phone number see lead411"
854561,194,,,"Business Intelligence Group (UIUC)","Champaign","United States","IL",283,39,638.71,2015,,"http://www.linkedin.com/company/business-intelligence-group-at-uiuc","ischool.illinois.edu","Education",887,,," For Contacts and mobile phone number see lead411"
1012712,195,,,"Airia - Enterprise AI Simplified","Miami","United States","FL",133,19,588.24,2023,,"http://www.linkedin.com/company/airia-enterprise-ai-simplified","airia.com","SaaS",886,,," For Contacts and mobile phone number see lead411"
387779,196,,,"MoonPay","Miami","United States","FL",466,385,21.03,2018,"$757M","http://www.linkedin.com/company/moonpay","moonpay.com","Fintech",883,3400000000,"April 2022"," For Contacts and mobile phone number see lead411"
891008,197,,,"axio finance","Bangalore","IND",,544,478,13.81,2013,,"http://www.linkedin.com/company/axio-finance","axio.co.in","Finance",881,,," For Contacts and mobile phone number see lead411"
313791,198,,,"Zoom Drain","Philadelphia","United States","PA",200,180,11.33,1995,,"http://www.linkedin.com/company/zoomdrain","zoomdrain.com","Consumer",881,,," For Contacts and mobile phone number see lead411"
93165,199,2975,,"Dor Technologies","San Francisco","United States","CA",146,21,606.25,2015,"$15M","http://www.linkedin.com/company/dor-technologies","getdor.com","Retail",879,,," For Contacts and mobile phone number see lead411"
1012982,200,,,"Realty of America","Berwyn","United States","IL",438,58,653.66,2024,,"http://www.linkedin.com/company/realtyofamerica-official","realtyofamerica.com","Real Estate",872,,," For Contacts and mobile phone number see lead411"
986372,201,,,"MagicSchool AI","Denver","United States","CO",188,52,266.67,2023,"$62.9M","http://www.linkedin.com/company/magicschool-ai","magicschool.ai","AI",872,,," For Contacts and mobile phone number see lead411"
461141,202,,,"Waste Resource Management","Houston","United States","TX",131,19,588.24,,,"http://www.linkedin.com/company/waste-resource-management-inc","wrmco.com","Facilities",871,,," For Contacts and mobile phone number see lead411"
350005,203,,,"Nomagic","Warsaw","POL",,137,133,2.52,2017,"$85.1M","http://www.linkedin.com/company/nomagic","nomagic.ai","AI",870,,," For Contacts and mobile phone number see lead411"
1025106,204,,,"Tyme","Singapore","SINGAPORE",,137,133,3.7,2019,"$34.5K","http://www.linkedin.com/company/tymeglobal","tyme.com","Finance",870,,," For Contacts and mobile phone number see lead411"
101428,205,,,"Placer.ai","Santa Cruz","United States","CA",878,871,0.83,2013,"$241M","http://www.linkedin.com/company/placer","placer.io","AI",869,1450000000,"August 2024"," For Contacts and mobile phone number see lead411"
101008,206,,,"Creatio","Boston","United States","MA",983,846,16.23,2014,,"http://www.linkedin.com/company/creatioglobal","creatio.com","Tech Services",866,1200000000,"June 2024"," For Contacts and mobile phone number see lead411"
489701,207,,,"MoneyHash","San Francisco","United States","CA",47,36,32.26,2020,"$13M","http://www.linkedin.com/company/moneyhash","moneyhash.io","Finance",865,,," For Contacts and mobile phone number see lead411"
233168,208,,,"Clarion Partners","New York","United States","NY",481,476,1.08,,,"http://www.linkedin.com/company/clarion-partners-llc","clarionpartners.com","Fintech",857,,," For Contacts and mobile phone number see lead411"
1018891,209,,,"Learning Labb Research Institute","Bangalore","INDIA",,232,33,593.33,2023,,"http://www.linkedin.com/company/learning-labb-research-institute","llri.in","Education",856,,," For Contacts and mobile phone number see lead411"
386097,210,,,"LanzaJet","Chicago","United States","IL",168,125,34.29,2020,"$116M","http://www.linkedin.com/company/lanzajet","lanzajet.com","Environmental",853,,," For Contacts and mobile phone number see lead411"
1012630,211,,,"Kicklo","Claymont","United States","DE",334,47,611.36,,,"http://www.linkedin.com/company/kicklo","kicklo.com","Retail",849,,," For Contacts and mobile phone number see lead411"
651530,212,,,"DRMC","Lake Forest","United States","IL",286,41,602.5,2009,,"http://www.linkedin.com/company/drmc-llc","drmcllc.com","Marketing",848,,," For Contacts and mobile phone number see lead411"
885629,213,,,"Semgrep","San Francisco","United States","CA",187,161,16.22,2017,,"http://www.linkedin.com/company/semgrep","semgrep.dev","SaaS",847,,," For Contacts and mobile phone number see lead411"
169257,214,,,"INTECH Investment Management","West Palm Beach","United States","FL",83,80,4.11,1987,,"http://www.linkedin.com/company/intech-investment-management-llc","intechinvestments.com","Investments",847,,," For Contacts and mobile phone number see lead411"
884593,215,,,"Catalyze","Boulder","United States","CO",185,160,15.79,2017,"$390M","http://www.linkedin.com/company/catalyzeinc","catalyze.com","Energy",847,,," For Contacts and mobile phone number see lead411"
482638,216,,,"Samsung SDI America","Auburn Hills","United States","MI",241,193,25,2015,,"http://www.linkedin.com/company/samsung-sdi-america-inc-","samsungsdi.com","Electronics",846,,," For Contacts and mobile phone number see lead411"
1017522,217,,,"Contemporary Amperex Technology Thuringia GmbH","Arnstadt","DEU",,216,174,24.26,2018,,"http://www.linkedin.com/company/contemporary-amperex-technology-thuringia-ag","catl.com","Energy",845,,," For Contacts and mobile phone number see lead411"
373786,218,,,"Swift Current Energy","Boston","United States","MA",121,107,11.96,2016,"$312M","http://www.linkedin.com/company/swiftcurrentenergy","swiftcurrentenergy.com","Environmental",843,,," For Contacts and mobile phone number see lead411"
463680,219,,,"CMB.TECH","Antwerp","BEL",,859,91,848.65,,,"http://www.linkedin.com/company/cmbtech","cmb.tech","Environmental",841,,," For Contacts and mobile phone number see lead411"
39370,220,,,"PDT Partners","New York","United States","NY",255,239,6.57,,,"http://www.linkedin.com/company/pdt-partners-llc","pdtpartners.com","Investments",841,,," For Contacts and mobile phone number see lead411"
914178,221,,,"IT Vortex","Paramus","United States","NJ",147,22,600,2014,,"http://www.linkedin.com/company/it-vortex-llc","theitvortex.com","Tech Services",840,,," For Contacts and mobile phone number see lead411"
396380,222,,,"XP Health","Redwood City","United States","CA",98,77,26.67,2018,"$55.4M","http://www.linkedin.com/company/xphealth","xphealth.co","Hospital/Healthcare",840,,," For Contacts and mobile phone number see lead411"
475582,223,,,"Applied Materials - Israel",,"ISR",,369,318,16.15,,,"http://www.linkedin.com/company/applied-materials-israel","appliedmaterials.com","Semiconductors",837,,," For Contacts and mobile phone number see lead411"
88883,224,,,"Bitcoin.com","Frigate Bay","ST. KITTS",,223,216,3.07,,"$815K","http://www.linkedin.com/company/bitcoin.com","bitcoin.com","Fintech",836,,," For Contacts and mobile phone number see lead411"
1019811,225,,,"Swiss Post Cybersecurity","Aarau","CH",,113,17,562.5,2024,,"http://www.linkedin.com/company/swisspost-cybersecurity","swisspost-cybersecurity.ch/en","IT Security",835,,," For Contacts and mobile phone number see lead411"
367537,226,,,"INERATEC GmbH","Karlsruhe",,,133,110,21.84,2016,"$173M","http://www.linkedin.com/company/ineratec","ineratec.de","Environmental",834,,," For Contacts and mobile phone number see lead411"
1027545,227,,,"Crews Bank and Trust","Wauchula","United States","FL",287,284,0.79,1929,,"http://www.linkedin.com/company/crewsbank","crews.bank","Banking",833,,," For Contacts and mobile phone number see lead411"
643308,228,,,"CloudHQ","Washington","United States","DC",219,153,43.48,2016,,"http://www.linkedin.com/company/cloudhq-llc","cloudhq.com","Real Estate",832,,," For Contacts and mobile phone number see lead411"
54403,229,,,"Microporous","Piney Flats","United States","TN",140,117,19.28,1934,,"http://www.linkedin.com/company/microporous-llc","microporous.net","Plastics",832,,," For Contacts and mobile phone number see lead411"
1014656,230,,,"Agency","San Francisco","United States","CA",426,59,629.55,2023,"$500K","http://www.linkedin.com/company/aistaff","agen.cy","SaaS",828,,," For Contacts and mobile phone number see lead411"
1020836,231,,,"Relay","Camden","UK",,170,107,58.67,2022,"$48.8M","http://www.linkedin.com/company/relay-tech","relaytech.co","eCommerce",827,,," For Contacts and mobile phone number see lead411"
476968,232,,,"Fujifilm Portugal","Vila Nova de Gaia","POR","Porto",148,128,16.35,1974,,"http://www.linkedin.com/company/fujifilm-ffpor","fujifilm.com","Trade",826,,," For Contacts and mobile phone number see lead411"
641237,233,,,"Chicago Metal Rolled Products","Chicago","United States","IL",252,37,582.76,1908,,"http://www.linkedin.com/company/chicago-metal-rolled-products","cmrp.com","Mining",825,,," For Contacts and mobile phone number see lead411"
886565,234,,,"ECP (Energy Capital Partners)","Summit","United States","NJ",157,156,0.81,2005,,"http://www.linkedin.com/company/ecpgp","ecpgp.com","Finance",825,,," For Contacts and mobile phone number see lead411"
481706,235,,,"Design Collective by Cintas","Chicago","United States","IL",341,251,35.57,,,"http://www.linkedin.com/company/designcollective","cintas.com","Retail",825,,," For Contacts and mobile phone number see lead411"
969663,236,,,"Ofi Invest Asset Management","Paris","FRA",,500,477,4.79,1971,,"http://www.linkedin.com/company/ofi-invest-am","ofi-invest-am.com","Finance",825,,," For Contacts and mobile phone number see lead411"
975044,237,,,"Klim","Berlin","GER",,168,107,57.32,,"$32.2M","http://www.linkedin.com/company/klim-eco","klim.eco","Environmental",824,,," For Contacts and mobile phone number see lead411"
103893,238,,,"SafetyCulture","Sydney","AUS",,957,784,22.03,2004,"$384M","http://www.linkedin.com/company/safetyculturehq","safetyculture.com","Digital Health",823,1660000000,"September 2024"," For Contacts and mobile phone number see lead411"
981688,239,,,"Sanas","Palo Alto","United States","CA",282,158,79.05,,"$116M","http://www.linkedin.com/company/sanastech","sanas.ai","SaaS",822,,," For Contacts and mobile phone number see lead411"
766999,240,,,"Ascension Medical","Portland","United States","OR",111,17,546.15,,,"http://www.linkedin.com/company/ascension-medical","ascensionmedicalpdx.com","Hospital/Healthcare",818,,," For Contacts and mobile phone number see lead411"
1022217,241,,,"Movement Labs",,"United States",,56,28,100,,"$141M","http://www.linkedin.com/company/movementlabsxyz","movementlabs.xyz","Fintech",816,,," For Contacts and mobile phone number see lead411"
321349,242,,,"MADISON CAPITAL GROUP","Charlotte","United States","NC",121,112,7.77,,"$452M","http://www.linkedin.com/company/madison-capital-group-holdings-llc","madisoncapgroup.com","Investments",815,,," For Contacts and mobile phone number see lead411"
977860,243,,,"Maas-De Koning",,"NLD",,188,29,548,,,"http://www.linkedin.com/company/maas-de-koning","maasdekoning.nl","Wholesale",811,,," For Contacts and mobile phone number see lead411"
626934,244,,,"AMEA Power","Dubai","United States","Dubai",211,186,13.79,2016,"$1.31B","http://www.linkedin.com/company/ameapower","ameapower.com","Environmental",811,,," For Contacts and mobile phone number see lead411"
90585,245,3398,,"Capital Funding Group","Baltimore","United States","MD",106,101,5,1993,"$1B","http://www.linkedin.com/company/capital-funding-group-inc-","capfundinc.com","Finance",811,,," For Contacts and mobile phone number see lead411"
315094,246,,,"DeepRoute.ai","Fremont","United States","CA",100,94,6.82,2019,"$450M","http://www.linkedin.com/company/deeproute-ai-ltd","deeproute.ai","AI",810,,," For Contacts and mobile phone number see lead411"
480274,247,,,"Jupiter Power","Austin","United States","TX",198,149,32.46,2017,,"http://www.linkedin.com/company/jupiterpower","jupiterpower.io","Energy",810,,," For Contacts and mobile phone number see lead411"
365332,248,,,"EVE Mobility","Fort Lauderdale","United States","FL",270,245,10.33,,,"http://www.linkedin.com/company/eveairmobility","eveairmobility.com","Aviation",806,,," For Contacts and mobile phone number see lead411"
968263,249,,,"The Geneva Learning Foundation (La Fondation Apprendre Genève)","Geneva","SWI",,122,19,536.84,2016,,"http://www.linkedin.com/company/geneva-learning-foundation","learning.foundation","Education",802,,," For Contacts and mobile phone number see lead411"
760407,250,,,"Christ Temple Church","Clinton","","MD",109,17,546.15,,,"http://www.linkedin.com/company/christ-temple-church","christtemple.tripod.com","Civil",801,,," For Contacts and mobile phone number see lead411"
370537,251,,,"Onebrief","Honolulu","United States","HI",390,204,91.18,2019,"$95.8M","http://www.linkedin.com/company/onebrief","onebrief.com","AI",800,1100000000,"June 2025"," For Contacts and mobile phone number see lead411"
973176,252,,,"Harbinger","Gardena","United States","CA",362,192,88.57,2021,"$200M","http://www.linkedin.com/company/harbingermotors","harbingermotors.com","Automotive",799,,," For Contacts and mobile phone number see lead411"
175695,253,,,"Persona Identities","San Francisco","United States","CA",459,323,42.42,2018,"$417M","http://www.linkedin.com/company/persona-identities","withpersona.com","IT Security",799,2000000000,"April 2025"," For Contacts and mobile phone number see lead411"
978191,254,,,"happy",,"United States","NJ",238,36,552,,,"http://www.linkedin.com/company/we-are-happy-products","happyproducts.com","Food",798,,," For Contacts and mobile phone number see lead411"
856599,255,,,"General Chemical Corp.","Brighton","United States","MI",102,16,521.43,1980,,"http://www.linkedin.com/company/genchem","generalchem.com","Chemicals",796,,," For Contacts and mobile phone number see lead411"
982213,256,,,"Centre de production de produits biologiques (CPPB) inc. / Biologics Manufacturing Centre (BMC)","Montreal","CAN","QC",121,19,535.71,2021,,"http://www.linkedin.com/company/centre-de-production-de-produits-biologiques-cppb-inc-biologics-manufacturing-centre-bmc-inc","bmc-cppb.ca","Nonprofit",795,,," For Contacts and mobile phone number see lead411"
383342,257,,,"Crisp Data Platform for the Food Industry","New York","United States","NY",272,209,29.68,2016,"$138M","http://www.linkedin.com/company/gocrisp","gocrisp.com","Analytics",794,,," For Contacts and mobile phone number see lead411"
1013220,258,,,"Suno","Cambridge","United States","MA",524,250,109.6,2022,"$125M","http://www.linkedin.com/company/sunomusic","suno.com","AI",794,2450000000,"November 2025"," For Contacts and mobile phone number see lead411"
175225,259,,,"GT Medical Technologies","Tempe","United States","AZ",115,96,20.78,2017,"$110M","http://www.linkedin.com/company/gt-medical-technologies-inc","gtmedtech.com","Medical Equip",791,,," For Contacts and mobile phone number see lead411"
1015009,260,,,"Best Building Supplies Near Me","Austin","United States","TX",114,18,533.33,,,"http://www.linkedin.com/company/best-building-supplies-near-me","best-bs.com","Landscaping",790,,," For Contacts and mobile phone number see lead411"
325820,261,,,"Forge Nano","Thornton","United States","CO",117,113,3.64,2011,"$132M","http://www.linkedin.com/company/forgenano","forgenano.com","Technology",788,,," For Contacts and mobile phone number see lead411"
473271,262,,,"Lithium Americas Corp.","Vancouver","CAN","BC",150,118,27.69,,,"http://www.linkedin.com/company/lithiumamericas","lithiumamericas.com","Mining",781,,," For Contacts and mobile phone number see lead411"
315536,263,,,"Astera Labs","Santa Clara","United States","CA",543,336,61.64,2017,"$232M","http://www.linkedin.com/company/astera-labs","asteralabs.com","Semiconductors",780,3150000000,"November 2022"," For Contacts and mobile phone number see lead411"
377621,264,,,"Aypa Power",,,,201,136,47.32,,"$650M","http://www.linkedin.com/company/aypa","aypa.com","Environmental",779,,," For Contacts and mobile phone number see lead411"
140220,265,,,"Fuji Film U.S.A.","Valhalla","United States","NY",207,198,4.97,2011,,"http://www.linkedin.com/company/pt-fujifilm-indonesia","fujifilm.com","Trade",779,,," For Contacts and mobile phone number see lead411"
643709,266,,,"Codesoft",,"United States",,355,54,554.55,1989,,"http://www.linkedin.com/company/codesoft","codesoft.net","Tech Services",776,,," For Contacts and mobile phone number see lead411"
1027955,267,,,"Finmo","Singapore","SGP",,109,52,110,2021,"$30.3M","http://www.linkedin.com/company/finmotech","finmo.net","Finance",776,,," For Contacts and mobile phone number see lead411"
473460,268,,,"Anaergia","Burlington","CAN","ON",234,228,2.66,,,"http://www.linkedin.com/company/anaergia","anaergia.com","Environmental",776,,," For Contacts and mobile phone number see lead411"
980330,269,,,"Sublime Systems","Somerville","United States","MA",182,132,38.27,2020,"$131M","http://www.linkedin.com/company/sublime-cement","sublime-systems.com","Construction",776,,," For Contacts and mobile phone number see lead411"
489979,270,,,"Impulse Space Propulsion","El Segundo","United States","CA",270,156,73.39,,"$225M","http://www.linkedin.com/company/impulse-space","impulsespace.com","Aviation",774,,," For Contacts and mobile phone number see lead411"
1028214,271,,,"OpenEvidence","Miami","United States","FL",142,46,208.7,2021,"$135M","http://www.linkedin.com/company/openevidence","openevidence.com","AI",774,6000000000,"October 2025"," For Contacts and mobile phone number see lead411"
319934,272,,,"SafelyYou","San Francisco","United States","CA",133,110,20.22,,"$130M","http://www.linkedin.com/company/safelyyou","safely-you.com","Digital Health",772,,," For Contacts and mobile phone number see lead411"
1017724,273,,,"XYZ","Warsaw","POL",,914,91,896.39,2024,,"http://www.linkedin.com/company/xyzpl","xyz.pl","Tech Services",772,,," For Contacts and mobile phone number see lead411"
1023957,274,,,"Welspun Corp Limited","Mumbai","IN",,704,406,73.56,,,"http://www.linkedin.com/company/welspun-corp-limited","welspuncorp.com","Manufacturing",770,,," For Contacts and mobile phone number see lead411"
1019678,275,,,"Colectivo Anonimo","Zürich","CH",,161,26,511.76,,,"http://www.linkedin.com/company/colectivo-anonimo","colectivoanonimo.ch","Retail",769,,," For Contacts and mobile phone number see lead411"
885895,276,,,"Surf Internet","Elkhart","United States","IN",212,169,25.35,1999,"$375M","http://www.linkedin.com/company/surfinternet","surfinternet.com","Telecom",768,,," For Contacts and mobile phone number see lead411"
380837,277,,,"DIGANTARA","Bangalore","IND",,85,45,88.37,2018,,"http://www.linkedin.com/company/digantara","digantara.co.in","Defense",766,,," For Contacts and mobile phone number see lead411"
239986,278,,,"AQR Capital Management","Greenwich","United States","CT",828,757,9.41,,,"http://www.linkedin.com/company/aqr-capital-management","aqr.com","Investments",765,,," For Contacts and mobile phone number see lead411"
21171,279,,,"InMobi","Singapore","SGP",,150,58,157.5,2007,"$466M","http://www.linkedin.com/company/inmobi","inmobi.com","Martech",764,1000000000,," For Contacts and mobile phone number see lead411"
369058,280,,,"MAK","Oslo","NOR",,129,21,500,2015,,"http://www.linkedin.com/company/makorg","makorg.no","NonProfit",762,,," For Contacts and mobile phone number see lead411"
831141,281,,,"Heck Capital Advisors","Rhinelander","United States","WI",36,30,20.83,2007,"$822K","http://www.linkedin.com/company/heck-capital-advisors","heckcapital.com","Finance",761,,," For Contacts and mobile phone number see lead411"
1023180,282,,,"Frazier Financial Advisors","Columbus","United States","OH",24,21,15.79,1997,,"http://www.linkedin.com/company/ffaupperarlington","frazierfinancial.com","Investments",755,,," For Contacts and mobile phone number see lead411"
988927,283,,,"SmarterDx","New York","United States","NY",185,66,178.72,2020,"$71M","http://www.linkedin.com/company/smarterdx","smarterdx.com","Hospital/Healthcare",754,,," For Contacts and mobile phone number see lead411"
975536,284,,,"Ati Motors","Bangalore","IND",,292,227,28.39,2017,"$34.7M","http://www.linkedin.com/company/ati-motors","atimotors.com","Manufacturing",752,,," For Contacts and mobile phone number see lead411"
371718,285,,,"Quantum Brilliance","Canberra",,,107,102,5.32,2019,"$50.5M","http://www.linkedin.com/company/quantum-brilliance","quantumbrilliance.com","Hardware",749,,," For Contacts and mobile phone number see lead411"
1014700,286,,,"Skip","San Francisco","United States","CA",133,22,505.56,,,"http://www.linkedin.com/company/skipwithjoy","skipwithjoy.com","IOT",748,,," For Contacts and mobile phone number see lead411"
821643,287,,,"Barber Shop and Co","Glen Burnie","United States","MD",350,55,532.56,,,"http://www.linkedin.com/company/barber-shop-&-co","barbershopandco.com","Retail",748,,," For Contacts and mobile phone number see lead411"
384417,288,,,"Hydrolix","Portland","United States","OR",190,87,119.18,2018,"$149M","http://www.linkedin.com/company/hydrolix","hydrolix.io","Tech Services",748,,," For Contacts and mobile phone number see lead411"
885623,289,,,"Redaptive","San Francisco","United States","CA",412,408,0.86,,"$608M","http://www.linkedin.com/company/redaptive-inc","redaptive.com","Energy",745,1000000000,"May 2023"," For Contacts and mobile phone number see lead411"
1025768,290,,,"Sylndr","Cairo","EG",,277,226,22.47,2022,,"http://www.linkedin.com/company/sylndr","sylndr.com","Retail",744,,," For Contacts and mobile phone number see lead411"
392785,291,,,"SpotDraft","Bangalore","IND",,330,253,30.63,2017,"$98.3M","http://www.linkedin.com/company/spotdraft","spotdraft.com","Analytics",740,,," For Contacts and mobile phone number see lead411"
753472,292,,,"Aerospace Manufacturing Corporation","Wallington","","NJ",271,44,515.15,1986,,"http://www.linkedin.com/company/aerospace-manufacturing-corporation","aero-space.us","Aviation",735,,," For Contacts and mobile phone number see lead411"
316197,293,,,"Justpoint","New York","United States","NY",121,41,200,2018,"$224M","http://www.linkedin.com/company/thejustpoint","justpoint.com","Digital Health",735,,," For Contacts and mobile phone number see lead411"
93935,294,7378,,"Luminance","London","UK",,340,201,69.41,2015,"$168M","http://www.linkedin.com/company/luminancetech","luminance.com","AI",734,,," For Contacts and mobile phone number see lead411"
658154,295,,,"Florida Youth Soccer Association","Auburndale","United States","FL",541,81,569.01,1974,,"http://www.linkedin.com/company/florida-youth-soccer-association","fysa.com","Sports",734,,," For Contacts and mobile phone number see lead411"
977953,296,,,"3PBIOVIAN","Berlin","DEU",,399,64,526.83,,,"http://www.linkedin.com/company/3pbiovian","3pbiovian.com","Pharma",730,,," For Contacts and mobile phone number see lead411"
827731,297,,,"Electronic Environments","Atlanta","United States","GA",124,21,485.71,2002,,"http://www.linkedin.com/company/electronic-environments","electroenvironments.com","Construction",728,,," For Contacts and mobile phone number see lead411"
176732,298,,,"Qventus","Mountain View","United States","CA",240,175,36.77,,"$200M","http://www.linkedin.com/company/qventus-inc","qventus.com","Digital Health",725,,," For Contacts and mobile phone number see lead411"
985076,299,,,"Gamemano","Bengaluru East","IND",,117,20,466.67,2021,,"http://www.linkedin.com/company/gamemano","gamemano.com","SaaS",720,,," For Contacts and mobile phone number see lead411"
154667,300,,,"Centaurus Financial","Anaheim","United States","CA",254,247,2.91,1992,,"http://www.linkedin.com/company/centaurus-financial-","centaurusfinancial.com","Finance",717,,," For Contacts and mobile phone number see lead411"
382336,301,,,"Fervo","Houston","United States","TX",193,126,53.54,2017,"$676M","http://www.linkedin.com/company/fervo-energy","fervoenergy.com","Environmental",715,,," For Contacts and mobile phone number see lead411"
381047,302,,,"DoorLoop","Miami","United States","FL",210,146,43.65,,"$130M","http://www.linkedin.com/company/doorloop","doorloop.com","Tech Services",714,,," For Contacts and mobile phone number see lead411"
135218,303,,,"Hammerspace","Los Altos","United States","CA",198,130,50.91,2018,"$157M","http://www.linkedin.com/company/hammerspace","hammerspace.com","Tech Services",714,,," For Contacts and mobile phone number see lead411"
975865,304,,,"Albert Invent","Bay Area","United States","CA",157,96,62.5,2022,"$49.2M","http://www.linkedin.com/company/albert-invent","albertinvent.com","SaaS",710,,," For Contacts and mobile phone number see lead411"
1027596,305,,,"Limelight Lab Grown Diamonds","Mumbai","IN",,134,83,60.66,2019,"$12M","http://www.linkedin.com/company/limelight-lab-grown-diamonds","limelightdiamonds.com","Consumer",707,,," For Contacts and mobile phone number see lead411"
383581,306,,,"Gridware","Sacramento ","United States","CA",91,52,73.81,2020,"$44.2M","http://www.linkedin.com/company/gridwareinc","gridware.io","AI",706,,," For Contacts and mobile phone number see lead411"
124016,307,,,"Sitemate Technologies","Sydney","AUS",,160,100,59.79,2015,"$41.6M","http://www.linkedin.com/company/sitemate-technologies","sitemate.com","Tech Services",705,,," For Contacts and mobile phone number see lead411"
153204,308,,,"Miracle Mile Advisors","Los Angeles","United States","CA",131,100,31.65,2007,,"http://www.linkedin.com/company/miracle-mile-advisors","miraclemileadvisors.com","Finance",704,,," For Contacts and mobile phone number see lead411"
10835,309,1057,,"SoundHound","Santa Clara","United States","CA",630,425,48.28,2005,"$215M","http://www.linkedin.com/company/soundhoundai","soundhound.com","AI",703,2100000000,," For Contacts and mobile phone number see lead411"
976875,310,,,"Omaha Productions","Los Angeles","United States","CA",185,56,228.57,,,"http://www.linkedin.com/company/omaha-productions","omahaproductions.com","Entertainment",703,,," For Contacts and mobile phone number see lead411"
185925,311,,,"Technical and Scientific Application","Houston","United States","TX",891,111,703.74,,,"http://www.linkedin.com/company/tsaincorporated","tsa.com","Tech Services",703,,," For Contacts and mobile phone number see lead411"
201694,312,,,"Liberty Baptist Church",,"United States",,189,33,472,,,"http://www.linkedin.com/company/liberty-baptist-church","libertylive.com","Religious",702,,," For Contacts and mobile phone number see lead411"
978479,313,,,"Northvolt Poland",,"POL",,112,97,15.73,,,"http://www.linkedin.com/company/northvolt-poland","northvolt.com","Energy",702,,," For Contacts and mobile phone number see lead411"
7162,314,1733,,"UVEye","Teaneck","United States","NJ",280,233,20.28,2014,"$393M","http://www.linkedin.com/company/uveye","uveye.com","IT Security",701,800000000,"May 2023"," For Contacts and mobile phone number see lead411"
479463,315,,,"VA","Denver","United States","CO",975,106,819.57,2005,,"http://www.linkedin.com/company/vaplus-bim","vertical-arts.com","Architecture",701,,," For Contacts and mobile phone number see lead411"
1026858,316,,,"KOLON Corporation","과천시","KR",,102,90,13.25,,,"http://www.linkedin.com/company/koloncorp","kolon.com","Investments",699,,," For Contacts and mobile phone number see lead411"
977597,317,,,"UB Greensfelder",,"United States","MO",359,60,500,,,"http://www.linkedin.com/company/ubg-law","ubglaw.com","Legal",696,,," For Contacts and mobile phone number see lead411"
368197,318,,,"Kenz","Ramallah",,,142,25,465,2017,,"http://www.linkedin.com/company/kenz-woman","kenzwoman.com","Apparel",695,,," For Contacts and mobile phone number see lead411"
1027401,319,,,"Ambak","Gurugram","IN",,202,47,324.32,2023,"$10.2M","http://www.linkedin.com/company/ambakofficial","ambak.com","Finance",695,,," For Contacts and mobile phone number see lead411"
105973,320,,,"Phillips Edison and Company","Cincinnati","United States","OH",402,385,4.32,1991,"$1.2B","http://www.linkedin.com/company/phillipsedison&company","phillipsedison.com","Real Estate",694,3955000000,"January 2022"," For Contacts and mobile phone number see lead411"
1013080,321,,,"Ivy Hospitality","Indianapolis","United States","IN",119,21,473.33,2024,,"http://www.linkedin.com/company/ivyhospitality","ivyhospitality.com","Hospitality",694,,," For Contacts and mobile phone number see lead411"
890738,322,,,"HUMAN Gesellschaft für Biochemica und Diagnostica mbH","Wiesbaden","GER",,227,39,487.5,1972,,"http://www.linkedin.com/company/humandiagnostics","human.de","Medical",688,,," For Contacts and mobile phone number see lead411"
1016557,323,,,"Colegios.es","Toro","ES",,238,41,479.31,2008,,"http://www.linkedin.com/company/colegios-es","colegios.es","Education",686,,," For Contacts and mobile phone number see lead411"
396226,324,,,"Zénith Toulouse Métropole","TOULOUSE",,,157,28,456,,,"http://www.linkedin.com/company/zenith-toulouse-metropole","zenith-toulousemetropole.com","Arts",685,,," For Contacts and mobile phone number see lead411"
470739,325,,,"Starfish Space","Kent","United States","WA",102,70,44.9,,"$53.4M","http://www.linkedin.com/company/starfish-space","starfishspace.com","Aviation",684,,," For Contacts and mobile phone number see lead411"
1019867,326,,,"Institut National des Affaires Stratégiques et Politiques (INASP)","Paris","FR",,112,20,466.67,2023,,"http://www.linkedin.com/company/inasp-fr","inasp.fr","Nonprofit",684,,," For Contacts and mobile phone number see lead411"
363315,327,,,"Chef Robotics","San Francisco","United States","CA",139,96,45.16,2019,,"http://www.linkedin.com/company/chef-robotics","chefrobotics.ai","Foodtech",683,,," For Contacts and mobile phone number see lead411"
7119,328,218,,"VAST data","New York","United States","NY",984,784,25.59,2016,"$398M","http://www.linkedin.com/company/vast-data","vastdata.com","AI",681,9000000000,"December 2023"," For Contacts and mobile phone number see lead411"
95528,329,,,"Lumin Digital","San Ramon","United States","CA",301,260,15.82,2016,"$162M","http://www.linkedin.com/company/lumindigital","lumindigital.com","Fintech",681,,," For Contacts and mobile phone number see lead411"
1022425,330,,,"Fay",,"United States",,247,74,233.87,,"$75M","http://www.linkedin.com/company/foodandyou","faynutrition.com","SaaS",680,,," For Contacts and mobile phone number see lead411"
1023078,331,,,"Fortitude Family Office","Scottsdale","United States","AZ",31,24,30,2021,,"http://www.linkedin.com/company/fortitude-family-office","fortitudefo.com","Finance",678,,," For Contacts and mobile phone number see lead411"
217280,332,,,"Maven Securities","","UK",,425,399,6.33,,"$412M","http://www.linkedin.com/company/maven-securities","mavensecurities.com","Finance",678,,," For Contacts and mobile phone number see lead411"
149987,333,,,"SiTime Corporation","Santa Clara","United States","CA",433,81,437.84,2005,"$105.5M","http://www.linkedin.com/company/sitime","sitime.com","Semiconductors",677,,," For Contacts and mobile phone number see lead411"
370885,334,,,"Parloa","Berlin","DEU",,377,244,49.57,2018,"$91.6M","http://www.linkedin.com/company/parloa","parloa.com","AI",675,1000000000,"May 2025"," For Contacts and mobile phone number see lead411"
228107,335,,,"Castlelake","Minneapolis","United States","MN",293,289,1.48,,"$819M","http://www.linkedin.com/company/castlelake","castlelake.com","Investments",675,,," For Contacts and mobile phone number see lead411"
100372,336,,,"Shell India Marketing Private Limited","Houston","United States","TX",264,204,29.22,,"$3.52M","http://www.linkedin.com/company/shells-gas-station","shell.com","Utilities",674,192178000000,"January 2022"," For Contacts and mobile phone number see lead411"
981209,337,,,"BlueOval SK","Stanton","United States","TN",648,471,37.43,2022,,"http://www.linkedin.com/company/blueovalsk","blueovalsk.com","Automotive",674,,," For Contacts and mobile phone number see lead411"
885064,338,,,"Aligned Data Centers","Plano","United States","TX",405,309,30.99,2013,"$14B","http://www.linkedin.com/company/aligned-energy","aligneddc.com","Tech Services",673,,," For Contacts and mobile phone number see lead411"
983688,339,,,"DISSH","Brisbane City","AUS",,268,47,465.71,2001,,"http://www.linkedin.com/company/dissh","dissh.com.au","Retail",672,,," For Contacts and mobile phone number see lead411"
320720,340,,,"STORY at Macy's - NYC","New York","United States","NY",207,148,39.82,,,"http://www.linkedin.com/company/cube-ventures","macys.com","Retail",669,,," For Contacts and mobile phone number see lead411"
175690,341,,,"Skylo Technologies","Palo Alto","United States","CA",132,98,34.52,2017,"$193M","http://www.linkedin.com/company/skylotech","skylo.tech","Telecom",668,,," For Contacts and mobile phone number see lead411"
390246,342,,,"Battery Storage","Oakland","United States","CA",124,103,20.48,2019,,"http://www.linkedin.com/company/primergysolar","primergysolar.com","Fintech",668,,," For Contacts and mobile phone number see lead411"
1019185,343,,,"Talentrise Technokrate","Nagpur","United States",,210,37,461.29,2020,,"http://www.linkedin.com/company/telentrisetechnokrate","talentrisetechnokrate.com","Tech Services",668,,," For Contacts and mobile phone number see lead411"
95630,344,,,"Vertical Aerospace Ltd.","Bristol","UK",,545,480,13.5,2016,,"http://www.linkedin.com/company/vertical-aerospace-ltd","vertical-aerospace.com","Aviation",665,1817000000,"January 2022"," For Contacts and mobile phone number see lead411"
684608,345,,,"Miller Architects","Oklahoma City","United States","OK",120,22,440,1998,,"http://www.linkedin.com/company/miller-architects-inc.","millerarch.com","Architecture",663,,," For Contacts and mobile phone number see lead411"
383567,346,,,"Gregorys Coffee",,,,251,169,48.84,2006,,"http://www.linkedin.com/company/gregorys-coffee","gregoryscoffee.com","Food",661,,," For Contacts and mobile phone number see lead411"
371551,347,,,"Prophecy","San Francisco","United States","CA",183,141,29.55,2017,"$116M","http://www.linkedin.com/company/prophecy-io","prophecy.io","Tech Services",661,,," For Contacts and mobile phone number see lead411"
1023068,348,,,"Fourth Sail Capital","Georgetown","KY",,39,35,9.68,2018,,"http://www.linkedin.com/company/fourth-sail-capital","fourthsailcap.com","Investments",659,,," For Contacts and mobile phone number see lead411"
1019279,349,,,"To-Let Globe","Lucknow","IN",,371,65,471.19,2022,,"http://www.linkedin.com/company/to-let-globe","toletglobe.in","Non-profit Organizations",659,,," For Contacts and mobile phone number see lead411"
1019783,350,,,"Document IT","Reinach","United States",,141,26,447.37,1999,,"http://www.linkedin.com/company/document-it-llc","documentit.com","Tech Services",658,,," For Contacts and mobile phone number see lead411"
1014681,351,,,"Solace","Redwood City","United States","CA",226,56,306.25,2022,"$255K","http://www.linkedin.com/company/find-solace","solace.health","Hospital/Healthcare",658,,," For Contacts and mobile phone number see lead411"
1018802,352,,,"Good Ads Matter","Mumbai","IN",,241,43,462.86,2022,,"http://www.linkedin.com/company/good-ads-matter","goodadsmatter.com","Marketing",658,,," For Contacts and mobile phone number see lead411"
91725,353,178,,"Sandbox VR","San Mateo","United States","CA",540,506,6.63,2016,"$127M","http://www.linkedin.com/company/sandboxvr","sandboxvr.com","Entertainment",656,,," For Contacts and mobile phone number see lead411"
974937,354,,,"Cepheo","Copenhagen","DEN",,387,68,471.11,,,"http://www.linkedin.com/company/cepheo","cepheo.com","Tech Services",656,,," For Contacts and mobile phone number see lead411"
1026939,355,,,"Olé life",,"United States",,120,95,27.4,,,"http://www.linkedin.com/company/olelife","olelife.com","Insurance",656,,," For Contacts and mobile phone number see lead411"
981092,356,,,"Félix","Remote","United States","OR",268,155,73.04,2021,"$99M","http://www.linkedin.com/company/felix-pago","felixpago.com","Finance",655,,," For Contacts and mobile phone number see lead411"
60011,357,,,"Leeward Renewable Energy","Dallas","United States","TX",436,423,3.13,,"$1.62B","http://www.linkedin.com/company/leeward-renewable-energy","leewardenergy.com","Environmental",655,,," For Contacts and mobile phone number see lead411"
894880,358,,,"Sparta Commodities","Geneva","SWI",,221,154,43.22,,,"http://www.linkedin.com/company/sparta-commodities","spartacommodities.com","Energy",654,,," For Contacts and mobile phone number see lead411"
26760,359,,,"Electrovaya","Mississauga","CAN","ON",105,84,25,1997,,"http://www.linkedin.com/company/electrovaya","electrovaya.com","Environmental",654,,," For Contacts and mobile phone number see lead411"
350122,360,,,"Novarc Technologies","North Vancouver","CAN","BC",153,123,23.3,2013,"$88.9M","http://www.linkedin.com/company/novarc-technologies-inc-","novarctech.com","Engineering",653,,," For Contacts and mobile phone number see lead411"
897805,361,,,"RevBio","Lowell","United States","MA",39,37,6.45,2014,"$42.5M","http://www.linkedin.com/company/revbio-inc","revbio.com","Medical",653,,," For Contacts and mobile phone number see lead411"
334488,362,,,"Ara Partners","Houston","United States","TX",124,100,23.91,2017,,"http://www.linkedin.com/company/ara-partners","arapartners.com","Investments",653,,," For Contacts and mobile phone number see lead411"
973063,363,,,"Stoke Space","Seattle","United States","WA",273,160,70.63,2019,"$489M","http://www.linkedin.com/company/stoke-space","stokespace.com","Defense",652,,," For Contacts and mobile phone number see lead411"
327936,364,,,"LucidHealth","Columbus","United States","OH",659,104,533.7,2018,,"http://www.linkedin.com/company/lucidhealth","lucidhealth.com","Digital Health",652,,," For Contacts and mobile phone number see lead411"
1027939,365,,,"Stonebridge Financial Group","Wormleysburg","United States","PA",37,36,3.23,2002,,"http://www.linkedin.com/company/stonebridge-financial-group-llc","stonebridgefg.com","Finance",650,,," For Contacts and mobile phone number see lead411"
981242,366,,,"The Picklr","Kaysville","United States","UT",234,128,82.95,2021,"$9M","http://www.linkedin.com/company/thepicklr","thepicklr.com","Fitness",649,,," For Contacts and mobile phone number see lead411"
767378,367,,,"SOIL and WATER CONSERVATION DISTRICT","Condon","","OR",150,28,440.91,1991,,"http://www.linkedin.com/company/soil-&-water-conservation-district","swcd.mo.gov","NonProfit",649,,," For Contacts and mobile phone number see lead411"
477624,368,,,"Matrix Renewables","Madrid","SPA",,163,135,20.56,2020,"$292M","http://www.linkedin.com/company/matrixrenewables","matrixrenewables.com","Energy",648,,," For Contacts and mobile phone number see lead411"
340266,369,,,"Eleos Health","Boston","United States","MA",222,160,39.13,2019,"$126M","http://www.linkedin.com/company/eleoshealth","eleos.health","Analytics",648,,," For Contacts and mobile phone number see lead411"
372459,370,,,"Sateliot","Barcelona","ESP",,106,88,19.72,2018,"$137M","http://www.linkedin.com/company/sateliot","sateliot.space","Telecom",647,,," For Contacts and mobile phone number see lead411"
715935,371,,,"The Animal Hospital","Slingerlands","United States","NY",408,70,482.54,1974,,"http://www.linkedin.com/company/the-animal-hospital","theanimalhospital.com","Veterinary",647,,," For Contacts and mobile phone number see lead411"
1024342,372,,,"Kinetik","Midland","United States","TX",337,283,19.21,2012,,"http://www.linkedin.com/company/kinetikhldgs","kinetik.com","Energy",647,,," For Contacts and mobile phone number see lead411"
27598,373,,,"Linamar Transportation","Guelph","CAN","ON",118,112,4.55,1986,,"http://www.linkedin.com/company/linamar-transportation-inc-","linamar.com","Transportation",646,,," For Contacts and mobile phone number see lead411"
88838,374,3340,,"Pantera Capital","Menlo Park","United States","CA",177,149,19.35,2003,,"http://www.linkedin.com/company/pantera-capital","panteracapital.com","Fintech",645,,," For Contacts and mobile phone number see lead411"
37911,375,64,,"Monroe Capital","Chicago","United States","IL",326,280,16.3,2004,"$34M","http://www.linkedin.com/company/monroe-capital","monroecap.com","Finance",643,,," For Contacts and mobile phone number see lead411"
165715,376,,,"Southland Steel Fabricators","Greensburg","United States","LA",161,124,29.63,,,"http://www.linkedin.com/company/southland-steel-fabricators-inc.","southlandsteel.com","Construction",640,,," For Contacts and mobile phone number see lead411"
349496,377,,,"Navteq’s","Chicago","United States","IL",111,21,426.67,1985,,"http://www.linkedin.com/company/navteqmaps","navteq.com","Tech Services",639,,," For Contacts and mobile phone number see lead411"
488874,378,,,"X-Bow Systems","Albuquerque","United States","NM",203,116,74.49,2016,"$124M","http://www.linkedin.com/company/xbowsystems","xbowsystems.com","Defense",639,,," For Contacts and mobile phone number see lead411"
382119,379,,,"Expedia Group","With exposed-brick walls",,,97,77,25.42,,,"http://www.linkedin.com/company/estelar-cartagena-de-indias-hotel-y-centro-de-convenciones","expedia.com","Hospitality",638,,," For Contacts and mobile phone number see lead411"
1014881,380,,,"LevelBlue","Dallas","United States","TX",366,66,450.91,,,"http://www.linkedin.com/company/levelbluecyber","levelblue.com","IT Security",637,,," For Contacts and mobile phone number see lead411"
969084,381,,,"PropHero","Sydney","AUS",,200,101,98.9,2021,,"http://www.linkedin.com/company/propheroinvestment","prophero.com.au","Real Estate",636,,," For Contacts and mobile phone number see lead411"
133941,382,,,"Eclypsium","Portland","United States","OR",124,112,9.8,2017,"$94.2M","http://www.linkedin.com/company/eclypsium","eclypsium.com","IT Security",633,,," For Contacts and mobile phone number see lead411"
977118,383,,,"True Anomaly","Denver","United States","CO",195,156,25,2022,"$390M","http://www.linkedin.com/company/true-anomaly","trueanomaly.space","Defense",633,,," For Contacts and mobile phone number see lead411"
106081,384,,,"Flow Alkaline Spring Water","Toronto","CAN","ON",170,154,10.17,2014,"$45M","http://www.linkedin.com/company/flow-hydration","flowhydration.com","Food",633,,," For Contacts and mobile phone number see lead411"
319466,385,,,"Axiado Corporation","San Jose","United States","CA",105,76,37.31,,"$95.3M","http://www.linkedin.com/company/axiado-corporation","axiado.com","IT Security",632,,," For Contacts and mobile phone number see lead411"
1023091,386,,,"GalaxEye Space",,,,121,62,96.15,2021,"$13.5M","http://www.linkedin.com/company/galaxeye","galaxeye.space","Defense",632,,," For Contacts and mobile phone number see lead411"
1026953,387,,,"WeVOIS Labs Pvt. Ltd.","Jaipur",,,207,163,26.52,,"$8.46M","http://www.linkedin.com/company/wevois-labs-pvt-ltd","wevois.com","Environmental",631,,," For Contacts and mobile phone number see lead411"
374822,388,,,"Twentyeight Health","Brooklyn","United States","NY",86,71,21.82,2018,"$24.3M","http://www.linkedin.com/company/twentyeight-health","twentyeighthealth.com","Health",631,,," For Contacts and mobile phone number see lead411"
709122,389,,,"Soccer","Petaluma","United States","CA",136,26,421.74,,,"http://www.linkedin.com/company/soccer-inc","soccerusainc.com","Sports",631,,," For Contacts and mobile phone number see lead411"
2359,390,8583,,"ToneTag","Bangalore","IND",,165,153,8.55,2014,"$90.5M","http://www.linkedin.com/company/tonetag","tonetag.com","Fintech",629,,," For Contacts and mobile phone number see lead411"
481408,391,,,"Kiavi","San Francisco","United States","CA",544,481,13.16,2013,"$806M","http://www.linkedin.com/company/kiavi","kiavi.com","Finance",629,,," For Contacts and mobile phone number see lead411"
380558,392,,,"Dcbel",,,,118,111,6.74,,"$145M","http://www.linkedin.com/company/dcbel","dcbel.energy","Environmental",627,,," For Contacts and mobile phone number see lead411"
361405,393,,,"AliceandBob","Paris","FRA",,158,106,48.42,2020,,"http://www.linkedin.com/company/alice-bob","alice-bob.com","Tech Services",627,,," For Contacts and mobile phone number see lead411"
1015829,394,,,"Visma Flyt","Oslo","NO",,156,30,429.63,2024,,"http://www.linkedin.com/company/vismaflyt","minflyt.no","SaaS",626,,," For Contacts and mobile phone number see lead411"
675747,395,,,"Kwajalein Range Services","Honolulu","United States","HI",258,48,435,,,"http://www.linkedin.com/company/kwajalein-range-services-llc","krsjv.com","Finance",626,,," For Contacts and mobile phone number see lead411"
472242,396,,,"Veza","San Francisco","United States","CA",275,200,36.9,2020,"$125M","http://www.linkedin.com/company/veza","veza.com","IT Security",626,800000000,"May 2025"," For Contacts and mobile phone number see lead411"
93709,397,,,"Puttshack","London","UK",,748,738,1.4,2017,"$256M","http://www.linkedin.com/company/puttshack","puttshack.com","Hospitality",626,,," For Contacts and mobile phone number see lead411"
363455,398,,,"CleanCapital","New York","United States","NY",108,103,4.82,2015,"$941M","http://www.linkedin.com/company/cleancapital","cleancapital.com","Environmental",625,,," For Contacts and mobile phone number see lead411"
61800,399,,,"Trust Point","La Crosse","United States","WI",125,120,4.04,1913,,"http://www.linkedin.com/company/trust-point-inc-","trustpointinc.com","Finance",624,,," For Contacts and mobile phone number see lead411"
1025018,400,,,"Vridhi Finserv Home Finance Limited","",,,271,131,105.94,2022,"$54.9M","http://www.linkedin.com/company/vridhi-finserv-home-finance-limited","vridhihomefinance.com","Finance",623,,," For Contacts and mobile phone number see lead411"
394013,401,,,"Thyme Care","Nashville","United States","TN",400,252,58.24,,"$184M","http://www.linkedin.com/company/thymecare","thymecare.com","Hospital/Healthcare",623,,," For Contacts and mobile phone number see lead411"
482265,402,,,"Realterm","Annapolis","United States","MD",301,260,15.55,1991,,"http://www.linkedin.com/company/realterm","realterm.com","Real Estate",623,,," For Contacts and mobile phone number see lead411"
700462,403,,,"RAYTHEON TECHNICAL SERVICES CO","DALLAS","United States","TX",397,73,443.84,,,"http://www.linkedin.com/company/raytheon-technical-services-co-llc","operationalreadiness.com","",622,,," For Contacts and mobile phone number see lead411"
483020,404,,,"Mercy Hospital Springfield","Springfield","United States","NV",255,212,20.23,1891,,"http://www.linkedin.com/company/mercy-hospital-springfield","mercy.net","Medical",622,,," For Contacts and mobile phone number see lead411"
312984,405,,,"Solar Landscape","Asbury Park","United States","NJ",312,168,85.94,2012,,"http://www.linkedin.com/company/solarlandscape","solarlandscape.com","Environmental",621,,," For Contacts and mobile phone number see lead411"
374556,406,,,"Torq","Tel Aviv","Israel",,382,170,124.71,2020,"$188M","http://www.linkedin.com/company/torqio","torq.io","Tech Services",621,1200000000,"January 2026"," For Contacts and mobile phone number see lead411"
837018,407,,,"Mutual Telephone Company",,"United States",,160,31,413.04,,,"http://www.linkedin.com/company/mutual-telephone-company","mtc4me.com","Telecom",621,,," For Contacts and mobile phone number see lead411"
43817,408,,,"NISA Investment Advisors","St. Louis","United States","MO",487,463,5.25,1994,"$146K","http://www.linkedin.com/company/nisa-investment-advisors-l-l-c-","nisa.com","Finance",621,,," For Contacts and mobile phone number see lead411"
42546,409,,,"Diamond Hill Capital Management","Columbus","United States","OH",192,189,1.75,2000,,"http://www.linkedin.com/company/diamond-hill-investments","diamond-hill.com","Investments",620,586733000,"January 2022"," For Contacts and mobile phone number see lead411"
1026029,410,,,"Celleste Bio","Tradyon","IL",,214,180,16.67,2022,"$4.5M","http://www.linkedin.com/company/celleste-bio","celleste-bio.com","Food",620,,," For Contacts and mobile phone number see lead411"
1028864,411,,,"Generali Investments CEE investiční společnost a.s.","Prague 4","CZ",,104,103,1.06,1991,,"http://www.linkedin.com/company/generali-investments-cee","generali-investments.cz","Investments",619,,," For Contacts and mobile phone number see lead411"
754687,412,,,"Alpine Construction Corp.","Midlothian","United States","VA",103,20,415.38,1964,,"http://www.linkedin.com/company/alpine-construction","alpineconstcorp.com","Construction",619,,," For Contacts and mobile phone number see lead411"
1018907,413,,,"Vridhi Home Finance Ltd","Bengaluru ","IN",,271,133,102.97,2022,,"http://www.linkedin.com/company/vridhi-finserv-home-finance-ltd","vridhihomefinance.com","Finance",619,,," For Contacts and mobile phone number see lead411"
315022,414,,,"Gotion","Fremont","United States","CA",430,365,17.82,2014,,"http://www.linkedin.com/company/gotion-inc-","gotion.com","Automotive",618,,," For Contacts and mobile phone number see lead411"
976289,415,,,"Etched.ai","Menlo Park","United States","CA",186,42,340.63,2022,"$125M","http://www.linkedin.com/company/etched-ai","etched.ai","AI",618,,," For Contacts and mobile phone number see lead411"
140812,416,,,"Cardiac Dimensions","Kirkland","United States","WA",77,70,10.34,2001,"$361M","http://www.linkedin.com/company/cardiac-dimensions","cardiacdimensions.com","Medical Equip",616,,," For Contacts and mobile phone number see lead411"
396275,417,,,"Zingbus","Gurugram",,,355,286,24.32,2019,"$14.3M","http://www.linkedin.com/company/zingbus","zingbus.com","Consumer",615,,," For Contacts and mobile phone number see lead411"
1012481,418,,,"Virtix Health","Phoenix","United States","AZ",254,48,433.33,,,"http://www.linkedin.com/company/virtix-health","virtixhealth.com","Hospital/Healthcare",615,,," For Contacts and mobile phone number see lead411"
1014304,419,,,"ENGINEERING","Arkansas","United States","WV",179,35,413.79,,,"http://www.linkedin.com/company/engineering-mechzo","mechzo.com","Internet",614,,," For Contacts and mobile phone number see lead411"
373501,420,,,"Statsig","Bellevue","USA","WA",145,94,39.36,2021,,"http://www.linkedin.com/company/statsig","statsig.com","Tech Services",614,1100000000,"May 2025"," For Contacts and mobile phone number see lead411"
93108,421,,,"FINBOURNE Technology","London","UK",,286,252,13.45,2016,"$162M","http://www.linkedin.com/company/finbourne","finbourne.com","Tech Services",613,,," For Contacts and mobile phone number see lead411"
884608,422,,,"Electra","Boulder","United States","CO",191,153,24.79,2020,"$214M","http://www.linkedin.com/company/electra-earth","electra.earth","Mining",613,,," For Contacts and mobile phone number see lead411"
1012600,423,,,"Infinite Reality","Norwalk","United States","CT",292,206,41.53,2019,"$4.85B","http://www.linkedin.com/company/theinfinitereality","theinfinitereality.com","Internet",612,,," For Contacts and mobile phone number see lead411"
119004,424,,,"Hypori Virtual Mobility","Austin","United States","TX",126,115,9.26,2012,"$55.3M","http://www.linkedin.com/company/hypori","hypori.com","IT Security",611,,," For Contacts and mobile phone number see lead411"
37116,425,,,"Valeo Financial Advisors","Indianapolis","United States","IN",220,197,11.8,2003,,"http://www.linkedin.com/company/valeo-financial-advisors-llc","valeofinancial.com","Finance",610,,," For Contacts and mobile phone number see lead411"
717497,426,,,"The Mary Stucko Agency Farm Bureau Insurance","Okemos","United States","MI",205,39,425,2008,,"http://www.linkedin.com/company/the-mary-stucko-agency-farm-bureau-insurance","fbinsmi.com","Insurance",610,,," For Contacts and mobile phone number see lead411"
971775,427,,,"Welspun One Logistics Parks","Mumbai","IND",,278,251,11.05,2019,,"http://www.linkedin.com/company/welspunone","welspunone.com","Transportation",609,,," For Contacts and mobile phone number see lead411"
383862,428,,,"Hayden AI","Oakland","United States","CA",166,137,20.66,2019,"$178M","http://www.linkedin.com/company/haydenaitech","hayden.ai","AI",607,,," For Contacts and mobile phone number see lead411"
1023834,429,,,"Arkade","",,,332,281,17.93,1984,,"http://www.linkedin.com/company/arkade-group","arkade.in","Real Estate",607,,," For Contacts and mobile phone number see lead411"
377780,430,,,"Basilea","Basel",,,291,268,8.46,2000,,"http://www.linkedin.com/company/basilea-pharmaceutica-ltd","basilea.com","Fintech",606,,," For Contacts and mobile phone number see lead411"
9849,431,,,"William Scottsman","Newbury Park","United States","CA",92,90,1.69,,,"http://www.linkedin.com/company/william-scottsman","willscot.com","Construction",605,,," For Contacts and mobile phone number see lead411"
149129,432,,,"TSW","Richmond","United States","VA",85,84,1.33,1969,,"http://www.linkedin.com/company/thompson-siegel-&-walmsley","tswinvest.com","Investments",603,,," For Contacts and mobile phone number see lead411"
386099,433,,,"Accueil","Limoges",,,553,98,459.76,1996,,"http://www.linkedin.com/company/groupe-la-pataterie","lapataterie.fr","Restaurants",603,,," For Contacts and mobile phone number see lead411"
1018778,434,,,"selbst","Vienna","AT",,439,80,450,2024,,"http://www.linkedin.com/company/selbst","selbst.space","Hospital/Healthcare",603,,," For Contacts and mobile phone number see lead411"
393640,435,,,"Tembo","London","UK",,140,80,76.19,,"$27.9M","http://www.linkedin.com/company/tembo-money","tembomoney.com","Finance",603,,," For Contacts and mobile phone number see lead411"
1021547,436,,,"AlTi Tiedemann Global",,"United States",,432,412,5.07,,,"http://www.linkedin.com/company/altiglobal","alti-global.com","Finance",602,,," For Contacts and mobile phone number see lead411"
128908,437,,,"Fundraise Up","Brooklyn","United States","NY",273,204,33.7,2017,"$83.8M","http://www.linkedin.com/company/fundraiseup","fundraiseup.com","AI",601,,," For Contacts and mobile phone number see lead411"
624435,438,,,"ADVANCE Scale","Lindenwold","United States","NJ",348,66,425.49,1973,,"http://www.linkedin.com/company/advance-scale-company","advancescale.com","Industrial",600,,," For Contacts and mobile phone number see lead411"
733870,439,,,"Parafin","San Francisco","United States","CA",128,111,15.91,2020,"$198M","http://www.linkedin.com/company/buildparafin","parafin.com","Finance",599,,," For Contacts and mobile phone number see lead411"
473436,440,,,"ANDRITZ Hydro Canada","Pointe-Claire","CAN","QC",300,290,3.4,,,"http://www.linkedin.com/company/andritz-hydro-canada-inc.","andritz.com","Manufacturing",599,,," For Contacts and mobile phone number see lead411"
174122,441,,,"The Helper Bees","Austin","United States","TX",310,276,12.56,2015,"$61.4M","http://www.linkedin.com/company/the-helper-bees","thehelperbees.com","Insurance",599,,," For Contacts and mobile phone number see lead411"
315050,442,,,"UJET.cx","San Francisco","United States","CA",339,242,40,2015,,"http://www.linkedin.com/company/ujetcx","ujet.cx","Tech Services",598,,," For Contacts and mobile phone number see lead411"
983548,443,,,"enfinitec","’s-Hertogenbosch","NLD",,180,36,403.7,2021,,"http://www.linkedin.com/company/enfinitec","enfinitec.com","Consumer",597,,," For Contacts and mobile phone number see lead411"
884652,444,,,"Ursa Major","Berthoud","United States","CO",464,403,15.2,2015,"$274M","http://www.linkedin.com/company/ursamajortech","ursamajor.com","Aviation",596,,," For Contacts and mobile phone number see lead411"
980442,445,,,"Phaedon","Minneapolis","United States","MN",184,37,400,,,"http://www.linkedin.com/company/phaedon","wearephaedon.com","Marketing Services",594,,," For Contacts and mobile phone number see lead411"
462474,446,,,"UniUni","Richmond","CAN","BC",538,378,42.49,2019,"$135M","http://www.linkedin.com/company/uniunidelivery","uniuni.com","Tech Services",593,,," For Contacts and mobile phone number see lead411"
737831,447,,,"Medical Arts Pharmacy","Kerrville","United States","TX",154,31,400,1992,,"http://www.linkedin.com/company/medical-arts-pharmacy","mymedicalarts.com","Pharma",593,,," For Contacts and mobile phone number see lead411"
1018491,448,,,"Flores","Nijmegen","NL",,154,31,405,1953,,"http://www.linkedin.com/company/floresnijmegen","bistroflores.nl","Restaurants",593,,," For Contacts and mobile phone number see lead411"
859342,449,,,"CXE","Annapolis","United States","MD",124,25,404.35,1993,,"http://www.linkedin.com/company/cxe-incorporated","cxeinc.com","Training",592,,," For Contacts and mobile phone number see lead411"
175000,450,,,"Qure.ai","Mumbai","IND",,400,379,5.33,2016,"$157M","http://www.linkedin.com/company/qure.ai","qure.ai","AI",590,,," For Contacts and mobile phone number see lead411"
21437,451,,,"WCM Investment Management","Laguna Beach","United States","CA",111,102,9.28,1976,,"http://www.linkedin.com/company/wcm-investment-management","wcminvest.com","Investments",590,,," For Contacts and mobile phone number see lead411"
985127,452,,,"Lucidity","Bangalore","IND",,116,70,65.63,2021,"$26.8M","http://www.linkedin.com/company/lucidity-cloud","lucidity.cloud","SaaS",589,,," For Contacts and mobile phone number see lead411"
471010,453,,,"Lindus Health","London",,,154,93,66.23,,"$81.1M","http://www.linkedin.com/company/lindushealth","lindushealth.com","Research",589,,," For Contacts and mobile phone number see lead411"
380606,454,,,"Décor World Services","OrlÃ©ans",,,240,47,410,2017,,"http://www.linkedin.com/company/dws-engraving","decorworldservices.com","Cosmetics",589,,," For Contacts and mobile phone number see lead411"
985533,455,,,"Mokobara","Bengaluru North","IND",,218,120,82.35,2019,,"http://www.linkedin.com/company/mokobara","mokobara.com","Retail",588,,," For Contacts and mobile phone number see lead411"
991794,456,,,"Swap","London","UK",,168,67,149.15,2022,"$58.3M","http://www.linkedin.com/company/sw-ap","swap-commerce.com","SaaS",588,,," For Contacts and mobile phone number see lead411"
1029016,457,,,"The Bear House","Bengaluru","IN",,120,58,104.55,2017,"$362K","http://www.linkedin.com/company/the-bear-house","thebearhouse.com","Apparel",587,,," For Contacts and mobile phone number see lead411"
332463,458,,,"Wealth.com",,,,187,125,49.45,,"$54M","http://www.linkedin.com/company/wearewealth","wealth.com","Finance",587,,," For Contacts and mobile phone number see lead411"
887315,459,,,"Silicon Ranch Corporation","Nashville","United States","TN",334,254,31.61,2011,,"http://www.linkedin.com/company/silicon-ranch-corporation","siliconranch.com","Energy",586,,," For Contacts and mobile phone number see lead411"
315841,460,,,"ZeroAvia","Hollister","United States","CA",431,404,6.73,2018,"$297M","http://www.linkedin.com/company/zeroavia","zeroavia.com","Aviation",585,,," For Contacts and mobile phone number see lead411"
454283,461,,,"On.Energy","Miami","United States","FL",111,105,5.32,2016,,"http://www.linkedin.com/company/on-es","on.energy","Environmental",585,,," For Contacts and mobile phone number see lead411"
1019319,462,,,"Emmvee Group","EMMVEE Photovoltaic Power Private Limited","IN",,247,119,107.41,1992,,"http://www.linkedin.com/company/emmvee-group","emmvee.com","Energy",585,,," For Contacts and mobile phone number see lead411"
141740,463,,,"Affiliated Managers Group","West Palm Beach","United States","FL",385,296,29.78,1993,,"http://www.linkedin.com/company/affiliated-managers-group","amg.com","Finance",584,6362000000,"January 2022"," For Contacts and mobile phone number see lead411"
220591,464,,,"Park Avenue Securities","","United States",,340,336,1.09,,,"http://www.linkedin.com/company/park-avenue-securities","parkavenuesecurities.com","Finance",584,,," For Contacts and mobile phone number see lead411"
214681,465,,,"Clasen Quality Chocolate","Madison","United States","WI",250,235,6.32,,,"http://www.linkedin.com/company/clasen-quality-chocolate","cqc.com","Food",583,,," For Contacts and mobile phone number see lead411"
214190,466,,,"Novo A/S","Greenway","AU",,402,339,18.77,,,"http://www.linkedin.com/company/novo-a-s","novoholdings.dk","Investments",582,,," For Contacts and mobile phone number see lead411"
370175,467,,,"Niron Magnetics","Minneapolis","United States","MN",98,77,25.71,2013,,"http://www.linkedin.com/company/niron-magnetics-inc.","nironmagnetics.com","Technology",580,,," For Contacts and mobile phone number see lead411"
981739,468,,,"Candid Health","San Francisco","United States","CA",149,94,57.97,,"$100M","http://www.linkedin.com/company/candid-health","joincandidhealth.com","Hospital/Healthcare",579,,," For Contacts and mobile phone number see lead411"
389202,469,,,"OrganOx","Oxford",,,227,130,74.29,2008,"$238M","http://www.linkedin.com/company/organox","organox.com","Medical Equip",579,,," For Contacts and mobile phone number see lead411"
393413,470,,,"Taktile",,,,175,111,57.69,,"$81.7M","http://www.linkedin.com/company/taktile1","taktile.com","Fintech",578,,," For Contacts and mobile phone number see lead411"
27998,471,,,"Bruntwood","Manchester","UK",,760,753,0.88,1976,,"http://www.linkedin.com/company/bruntwood","bruntwood.co.uk","Real Estate",577,,," For Contacts and mobile phone number see lead411"
920895,472,,,"Protos Software","Tempe","United States","AZ",102,21,400,2002,,"http://www.linkedin.com/company/protos-software-llc","protossoft.com","Tech Services",577,,," For Contacts and mobile phone number see lead411"
174005,473,,,"Loft Orbital","San Francisco","United States","CA",340,273,24.37,2016,"$894M","http://www.linkedin.com/company/loft-orbital","loftorbital.com","Defense",577,,," For Contacts and mobile phone number see lead411"
968666,474,,,"Battolyser Systems","Schiedam","NET",,115,101,13.73,2018,"$79.8M","http://www.linkedin.com/company/battolysersystems","battolysersystems.com","Manufacturing",576,,," For Contacts and mobile phone number see lead411"
483516,475,,,"Petfolk","Charlotte","United States","NC",224,174,28.95,,"$119M","http://www.linkedin.com/company/mypetfolk","petfolk.com","Veterinary",574,,," For Contacts and mobile phone number see lead411"
1025652,476,,,"Raghu Vamsi Aerospace Group","Hyderabad","IN",,354,289,22.33,1992,,"http://www.linkedin.com/company/raghu-vamsi-group","raghuvamsi.com","Aviation",574,,," For Contacts and mobile phone number see lead411"
841910,477,,,"RYLA","Provo","United States","UT",140,29,395.45,2016,,"http://www.linkedin.com/company/vauva","rylapack.com","Apparel",573,,," For Contacts and mobile phone number see lead411"
38051,478,,,"kPoint Technologies","Chicago","United States","IL",540,100,439.39,,,"http://www.linkedin.com/company/kpoint-technologies","kpoint.com","Tech Services",572,,," For Contacts and mobile phone number see lead411"
990038,479,,,"Bogart Wealth","McLean","United States","VA",50,43,16.22,2016,,"http://www.linkedin.com/company/bogart-wealth","bogartwealth.com","Investments",572,,," For Contacts and mobile phone number see lead411"
470445,480,,,"Precision Neuroscience",,,,106,69,53.06,,"$155M","http://www.linkedin.com/company/precision-neuroscience-corporation","precisionneuro.io","Medical Equip",572,,," For Contacts and mobile phone number see lead411"
1015566,481,,,"Lawhive","London","UK",,159,49,216.67,2021,,"http://www.linkedin.com/company/joinlawhive","lawhive.co.uk","Legal",571,,," For Contacts and mobile phone number see lead411"
884500,482,,,"Waverly Advisors","Birmingham","United States","AL",260,154,68.1,1999,,"http://www.linkedin.com/company/waverlyadvisors-llc","waverly-advisors.com","Finance",571,,," For Contacts and mobile phone number see lead411"
1028913,483,,,"Scimplify","Bengaluru","IN",,251,59,326.32,2023,"$50.7M","http://www.linkedin.com/company/scimplify","scimplify.com","Manufacturing",570,,," For Contacts and mobile phone number see lead411"
351582,484,,,"Phoenix Tailings","Boston","United States","MA",102,74,40,,"$88.9M","http://www.linkedin.com/company/phoenixtailings","phoenixtailings.com","Mining",570,,," For Contacts and mobile phone number see lead411"
11421,485,2241,,"LambdaTest","San Francisco","United States","CA",728,593,22.77,2017,"$108M","http://www.linkedin.com/company/lambdatest","lambdatest.com","DevOps",569,,," For Contacts and mobile phone number see lead411"
1027385,486,,,"Formance","New York City","FR",,33,29,15.38,2021,"$31M","http://www.linkedin.com/company/formancehq","formance.com","SaaS",569,,," For Contacts and mobile phone number see lead411"
315908,487,,,"Valon","New York","United States","NY",331,278,19.14,2019,"$233M","http://www.linkedin.com/company/valon-technologies","valon.com","Tech Services",569,,," For Contacts and mobile phone number see lead411"
319514,488,,,"Eikon Therapeutics","Hayward","United States","CA",484,447,8.22,,"$1.16B","http://www.linkedin.com/company/eikon-therapeutics-inc","eikontx.com","3D",569,,," For Contacts and mobile phone number see lead411"
360921,489,,,44.01,"Muscat",,,171,113,50.55,2020,"$60.2M","http://www.linkedin.com/company/44-01","4401.earth","Environmental",568,,," For Contacts and mobile phone number see lead411"
314487,490,,,"Epirus","Torrance","United States","CA",231,210,9.89,2018,"$543M","http://www.linkedin.com/company/epirus","epirusinc.com","Defense",568,1350000000,"February 2022"," For Contacts and mobile phone number see lead411"
14925,491,9619,,"iwoca","London","UK",,573,469,22.1,2011,,"http://www.linkedin.com/company/iwoca","iwoca.co.uk","Fintech",568,,," For Contacts and mobile phone number see lead411"
977545,492,,,"Sikich India",,"United States","IL",227,149,53.06,,,"http://www.linkedin.com/company/sikichindia","sikich.com","Consulting",568,,," For Contacts and mobile phone number see lead411"
390115,493,,,"PowerGlobal","Pasadena","United States","CA",98,20,376.47,2019,,"http://www.linkedin.com/company/powerglobal","power.global","Environmental",567,,," For Contacts and mobile phone number see lead411"
1028280,494,,,"ROCKWOOL North America","Milton",,,527,491,7.29,1937,"$3.14M","http://www.linkedin.com/company/rockwool-north-america","rockwool.com","Materials",567,,," For Contacts and mobile phone number see lead411"
1021699,495,,,"Cogna","London","UK",,48,17,175,2023,"$19.7M","http://www.linkedin.com/company/wearecogna","cogna.co","Internet",566,,," For Contacts and mobile phone number see lead411"
975098,496,,,"AmpIn Energy Transition (Formerly Amp Energy India)","New Delhi","IND",,398,305,30.61,,"$451M","http://www.linkedin.com/company/ampin-energy-transition","ampin.energy","Energy",565,,," For Contacts and mobile phone number see lead411"
1020725,497,,,"Flow48",,"United States",,36,26,36.36,2022,"$96.8M","http://www.linkedin.com/company/flow48financing","flow48.com","Finance",565,,," For Contacts and mobile phone number see lead411"
675707,498,,,"Kuoni Destination Management USA","New York","United States","NY",286,58,393.75,1906,,"http://www.linkedin.com/company/kuoni-destination-management-usa","kuoni-dmusa.com","Hospitality",565,,," For Contacts and mobile phone number see lead411"
361809,499,,,"ARS Pharmaceuticals","San Diego","United States","CA",188,54,252.38,,,"http://www.linkedin.com/company/arspharmaceuticals","ars-pharma.com","Pharma",564,,," For Contacts and mobile phone number see lead411"
1026177,500,,,"Mahindra Susten","Mumbai","IN",,647,556,16.34,2010,,"http://www.linkedin.com/company/mahindra-susten","mahindrasusten.com","Energy",563,,," For Contacts and mobile phone number see lead411"
967680,501,,,"IAV Poland","Opole","POL",,162,34,372,2022,,"http://www.linkedin.com/company/iav-poland","iav.com/en/company/locations/iav-in-opole","Tech Services",563,,," For Contacts and mobile phone number see lead411"
1013036,502,,,"Pulse 2024","Urbana","United States","IL",643,115,457.95,,,"http://www.linkedin.com/company/pulseuiuc","pulse.ece.illinois.edu","Education",563,,," For Contacts and mobile phone number see lead411"
167682,503,,,"NEXAMP","Boston","United States","MA",650,640,1.51,2007,"$1.65B","http://www.linkedin.com/company/nexamp","nexamp.com","Environmental",563,,," For Contacts and mobile phone number see lead411"
977679,504,,,"Music.AI",,"United States","UT",261,160,63.27,,"$11.9M","http://www.linkedin.com/company/musicai","music.ai","AI",563,,," For Contacts and mobile phone number see lead411"
977437,505,,,"Midjourney","San Francisco","United States","CA",171,144,18.6,,,"http://www.linkedin.com/company/midjourney","midjourney.com","AI",563,,," For Contacts and mobile phone number see lead411"
370226,506,,,"Nooks",,,,466,90,413.95,,,"http://www.linkedin.com/company/nooksapp","nooks.in","Tech Services",563,,," For Contacts and mobile phone number see lead411"
1014640,507,,,"Ema Unlimited","San Francisco","United States","CA",121,38,225,2023,"$75M","http://www.linkedin.com/company/ema-unlimited","ema.co","SaaS",562,,," For Contacts and mobile phone number see lead411"
1017820,508,,,"Nest Lease","Szczepin","United States",,114,24,378.95,2024,,"http://www.linkedin.com/company/nest-lease","nestlease.pl","Finance",561,,," For Contacts and mobile phone number see lead411"
366997,509,,,"Heliene Home","Sault Ste. Marie","CAN","ON",177,134,32,2010,"$390M","http://www.linkedin.com/company/heliene","heliene.com","Environmental",561,,," For Contacts and mobile phone number see lead411"
1019036,510,,,"CODTECH IT SOLUTIONS","Hyderabad ","IN",,738,126,485.96,2023,,"http://www.linkedin.com/company/codtechitsolutions","codtechitsolutions.com","Tech Services",560,,," For Contacts and mobile phone number see lead411"
626725,511,,,"Altera Real Estate",,"United States",,503,95,433.72,,,"http://www.linkedin.com/company/altera-real-estate","alteraproperties.com","Real Estate",559,,," For Contacts and mobile phone number see lead411"
1020148,512,,,"Zelt","Belgravia","UK",,36,19,82.35,2016,"$10.9M","http://www.linkedin.com/company/zelthq","zelt.app","SaaS",558,,," For Contacts and mobile phone number see lead411"
1018109,513,,,"IT Vision","Krakow","PL",,189,40,368.75,2000,,"http://www.linkedin.com/company/it-vision_2","itvision.pl","Tech Services",558,,," For Contacts and mobile phone number see lead411"
996429,514,,,"Validation Cloud","Zug","CHE",,45,44,3.33,2017,"$20.8M","http://www.linkedin.com/company/validationcloud","validationcloud.io","Fintech",557,,," For Contacts and mobile phone number see lead411"
1015147,515,,,"Alexi","Toronto","CAN","ON",123,86,44.87,2017,"$14.1M","http://www.linkedin.com/company/alexilawhq","alexi.com","SaaS",556,,," For Contacts and mobile phone number see lead411"
354906,516,,,"Sistema.bio","Roma Norte",,,459,407,12.5,2010,"$57M","http://www.linkedin.com/company/sistema-biobolsa","sistema.bio","Environmental",556,,," For Contacts and mobile phone number see lead411"
395362,517,,,"Voyantis","Tel Aviv","ISR",,95,62,52.54,,"$59.8M","http://www.linkedin.com/company/voyantis","voyantis.ai","Tech Services",556,,," For Contacts and mobile phone number see lead411"
890679,518,,,"The Exploration Company","Wessling","GER",,346,208,66.42,2021,"$235M","http://www.linkedin.com/company/exploration-company","exploration.space","Aviation",556,,," For Contacts and mobile phone number see lead411"
175680,519,,,"Anyscale","San Francisco","United States","CA",685,124,455.07,2019,"$260M","http://www.linkedin.com/company/joinanyscale","anyscale.com","AI",555,1000000000,"December 2021"," For Contacts and mobile phone number see lead411"
1018908,520,,,"The ePlane Company","Chennai","IN",,183,129,41.76,2019,"$24M","http://www.linkedin.com/company/the-eplane-company","eplane.ai","Aviation",555,,," For Contacts and mobile phone number see lead411"
372222,521,,,"Roboflow","Des Moines","United States","IA",82,54,51.06,,"$61M","http://www.linkedin.com/company/roboflow-ai","roboflow.com","AI",554,,," For Contacts and mobile phone number see lead411"
1015660,522,,,"Fimple","London","UK","UK",110,78,42.03,2022,,"http://www.linkedin.com/company/fimpleos","fimple.co.uk","Tech Services",554,,," For Contacts and mobile phone number see lead411"
319268,523,,,"Auditoria.AI","Santa Clara","United States","CA",77,51,50,,"$60.8M","http://www.linkedin.com/company/auditoriaai","auditoria.ai","AI",553,,," For Contacts and mobile phone number see lead411"
463131,524,,,"The Address Collective","Dublin","IE",,150,32,368,2020,,"http://www.linkedin.com/company/the-address-collective","theaddresscollective.com","Hospitality",552,,," For Contacts and mobile phone number see lead411"
175165,525,,,"AST and Science","Midland","United States","TX",624,516,20.8,,"$128M","http://www.linkedin.com/company/ast-spacemobile","ast-science.com","Telecom",552,337279000,"January 2022"," For Contacts and mobile phone number see lead411"
96677,526,,,"Form Energy","Somerville","United States","MA",985,767,28.41,2017,"$1.38B","http://www.linkedin.com/company/form-energy","formenergy.com","Environmental",552,2100000000,"October 2022"," For Contacts and mobile phone number see lead411"
316292,527,,,"Atropos Health","Palo Alto","United States","CA",75,50,51.22,2019,"$55M","http://www.linkedin.com/company/atropos-health","atroposhealth.com","AI",552,,," For Contacts and mobile phone number see lead411"
376983,528,,,"Antora Energy","Fremont","United States","CA",215,117,84.16,2017,"$237M","http://www.linkedin.com/company/antora-energy","antoraenergy.com","Environmental",552,,," For Contacts and mobile phone number see lead411"
344378,529,,,"Hyro","New York","United States","NY",129,93,39.29,2018,"$51.1M","http://www.linkedin.com/company/hyroai","hyro.ai","AI",550,,," For Contacts and mobile phone number see lead411"
330236,530,,,"RunSafe Security","McLean","United States","VA",40,22,78.26,2015,"$26.2M","http://www.linkedin.com/company/runsafe-security","runsafesecurity.com","IT Security",550,,," For Contacts and mobile phone number see lead411"
175715,531,,,"Public.com","New York","United States","NY",893,608,46.64,2017,"$300M","http://www.linkedin.com/company/publichello","public.com","Fintech",550,1200000000,," For Contacts and mobile phone number see lead411"
661121,532,,,"Giant Eagle Grocery Stores Supermarkets","Columbus","United States","OH",103,94,9.57,,,"http://www.linkedin.com/company/giant-eagle-grocery-stores-supermarkets","gianteagle.com","",549,,," For Contacts and mobile phone number see lead411"
470033,533,,,"Conduktor","Jackson","United States","WY",92,62,49.09,2020,"$52M","http://www.linkedin.com/company/conduktor","conduktor.io","SaaS",549,,," For Contacts and mobile phone number see lead411"
1021579,534,,,"Mobly","Lehi","United States","UT",36,20,83.33,2023,"$7.24M","http://www.linkedin.com/company/getmobly","getmobly.com","SaaS",548,,," For Contacts and mobile phone number see lead411"
891590,535,,,"Sentra","Tel Aviv","ISR",,144,105,36.56,2021,,"http://www.linkedin.com/company/sentra-io","sentra.io","IT Security",548,,," For Contacts and mobile phone number see lead411"
371454,536,,,"prezent.ai","Los Altos","United States","CA",660,490,34.69,2021,"$44.3M","http://www.linkedin.com/company/prezent-ai","prezent.ai","AI",548,400000000,"October 2025"," For Contacts and mobile phone number see lead411"
760297,537,,,"Analyst","Baltimore","United States","MD",121,26,359.09,,,"http://www.linkedin.com/company/analyst-llc","finalytics.squarespace.com","Finance",547,,," For Contacts and mobile phone number see lead411"
1021898,538,,,"Abstract Security",,"United States",,45,17,162.5,2023,"$23.5M","http://www.linkedin.com/company/abstractsecurity","abstract.security","IT Security",547,,," For Contacts and mobile phone number see lead411"
175114,539,,,"CoLab Software","St. John's","CAN","NL",166,122,36.96,2017,"$44.6M","http://www.linkedin.com/company/colabsoftware","colabsoftware.com","3D",546,,," For Contacts and mobile phone number see lead411"
742200,540,,,"arena ai","New York","United States","NY",155,114,36.28,,,"http://www.linkedin.com/company/arena-ai","arena-ai.com","AI",546,,," For Contacts and mobile phone number see lead411"
739530,541,,,"Amped Fitness","St. Petersburg","United States","FL",254,169,50.39,2016,,"http://www.linkedin.com/company/ampedfitness","ampedfitness.com","Health",545,,," For Contacts and mobile phone number see lead411"
995941,542,,,"MaMo TechnoLabs LLP | A CMMI Level 3 Company | Web| App Development | IT Consulting","Vadodara","IND",,125,27,354.55,2011,,"http://www.linkedin.com/company/mamotechnolabs","mamotechnolabs.com","Tech Services",544,,," For Contacts and mobile phone number see lead411"
348682,543,,,"Mission Solar Energy","San Antonio","United States","TX",163,155,4.48,2013,,"http://www.linkedin.com/company/mission-solar-energy","missionsolar.com","Environmental",543,,," For Contacts and mobile phone number see lead411"
175531,544,,,"AceUp","Boston","United States","MA",129,123,5.04,2015,"$32.2M","http://www.linkedin.com/company/aceup","aceup.com","EdTech",543,,," For Contacts and mobile phone number see lead411"
349501,545,,,"Nazara","Mumbai","IND",,170,163,4.83,2000,,"http://www.linkedin.com/company/nazara-technologies","nazara.com","Gaming",542,,," For Contacts and mobile phone number see lead411"
479275,546,,,"MY DR NOW","Chandler","United States","AZ",205,195,5.1,2007,,"http://www.linkedin.com/company/my-dr-now","mydrnow.com","Hospital/Healthcare",542,,," For Contacts and mobile phone number see lead411"
976611,547,,,"Dexory","London",,"London",158,119,32.17,,"$115M","http://www.linkedin.com/company/dexory","dexory.com","AI",542,,," For Contacts and mobile phone number see lead411"
483031,548,,,"Capriotti's Sandwich Shop","Las Vegas","United States","NV",773,689,12.21,1976,,"http://www.linkedin.com/company/capriottis","capriottis.com","Restaurants",542,,," For Contacts and mobile phone number see lead411"
87011,549,399,,"NextDecade","Houston","United States","TX",347,245,41.14,2010,"$89.1M","http://www.linkedin.com/company/next-decade","next-decade.com","Energy/Oil",542,,," For Contacts and mobile phone number see lead411"
884489,550,,,"Oakworth Capital Bank","Birmingham","United States","AL",210,201,4.88,2008,,"http://www.linkedin.com/company/oakworth-capital-bank","oakworth.com","Finance",541,,," For Contacts and mobile phone number see lead411"
1014729,551,,,"Spait Infotech","San Francisco","United States","CA",319,66,382.61,2010,,"http://www.linkedin.com/company/spait-infotech2024","spaitinfotech.com","SaaS",540,,," For Contacts and mobile phone number see lead411"
174515,552,,,"The Vistria Group","Chicago","United States","IL",157,134,16.94,,,"http://www.linkedin.com/company/the-vistria-group","vistria.com","Investments",540,,," For Contacts and mobile phone number see lead411"
764629,553,,,"Guedes Resturante","Florianopolis","","Sc",161,35,358.62,,,"http://www.linkedin.com/company/guedes-resturante","guedesrestaurante.com.br","Restaurants",540,,," For Contacts and mobile phone number see lead411"
1024066,554,,,"ELIVAAS","Gurugram","IN",,243,105,129.63,2023,"$7.5M","http://www.linkedin.com/company/elivaas","elivaas.com","Hospitality",539,,," For Contacts and mobile phone number see lead411"
22181,555,,,"The Liberty Company Insurance Brokers","Woodland Hills","United States","CA",562,497,13.15,1987,,"http://www.linkedin.com/company/the-liberty-company-insurance-brokers","libertycompany.com","Insurance",538,,," For Contacts and mobile phone number see lead411"
382026,556,,,"Everstage","Chennai","IND",,234,161,45.33,,"$44.7M","http://www.linkedin.com/company/everstage","everstage.com","Tech Services",538,,," For Contacts and mobile phone number see lead411"
382304,557,,,"Federato","Palo Alto","United States","CA",123,57,117.39,2020,"$80.6M","http://www.linkedin.com/company/federato","federato.ai","Tech Services",538,,," For Contacts and mobile phone number see lead411"
319532,558,,,"Relay Financial","Toronto","CAN","ON",312,204,1450,,"$51.6M","http://www.linkedin.com/company/bankwithrelay","relayfi.com","Banking",537,,," For Contacts and mobile phone number see lead411"
366337,559,,,"LINER","ì„œìš¸",,,97,43,125,,"$33.4M","http://www.linkedin.com/company/liner21","getliner.com","Tech Services",537,,," For Contacts and mobile phone number see lead411"
370726,560,,,"Oshi Health","New York","United States","NY",191,148,29.37,2018,"$119M","http://www.linkedin.com/company/oshihealth","oshihealth.com","Digital Health",536,,," For Contacts and mobile phone number see lead411"
1020800,561,,,"EverWind Fuels","Halifax",,,49,44,11.11,,,"http://www.linkedin.com/company/everwind-fuels","everwindfuels.com","Energy",536,,," For Contacts and mobile phone number see lead411"
1012659,562,,,"Dyashin Technosoft","Middletown","United States","DE",128,28,368.18,,,"http://www.linkedin.com/company/dyashin-technosoft","dyashin.com","Tech Services",536,,," For Contacts and mobile phone number see lead411"
485116,563,,,"Culver Franchising System","Prairie du Sac","United States","WI",359,292,23.11,1984,,"http://www.linkedin.com/company/culver-franchising-system-llc","culvers.com","Restaurants",536,,," For Contacts and mobile phone number see lead411"
475694,564,,,"CarePay International","Amsterdam","NET","North Holland",146,114,27.66,2014,,"http://www.linkedin.com/company/carepay-international","carepay.com","Hospital/Healthcare",535,,," For Contacts and mobile phone number see lead411"
144793,565,,,"Hospitality Partners","Bethesda","United States","MD",98,21,364.71,1986,,"http://www.linkedin.com/company/hospitality-partners","hospitalitypartners.com","Hospitality",535,,," For Contacts and mobile phone number see lead411"
171961,566,,,"Quantum-Systems","Gilching","DEU",,430,310,39.15,2015,,"http://www.linkedin.com/company/quantum-systems-gmbh","quantum-systems.com","AI",534,1100000000,"May 2025"," For Contacts and mobile phone number see lead411"
346190,567,,,"KDPOF Knowledge Development for POF SL","Tres Cantos",,,240,51,364.29,2010,,"http://www.linkedin.com/company/kd-corp","kdpof.com","Semiconductors",533,,," For Contacts and mobile phone number see lead411"
1029055,568,,,"Navadhan Capital",,"United States",,322,215,50,2019,"$33.6M","http://www.linkedin.com/company/navadhan-capital","navadhan.com","Finance",533,,," For Contacts and mobile phone number see lead411"
1020187,569,,,"Capstan Medical","Santa Cruz","United States","CA",52,38,37.93,,,"http://www.linkedin.com/company/capstanmedical","capstanmedical.com","Medical",533,,," For Contacts and mobile phone number see lead411"
972838,570,,,"RELISH","Beachwood","United States","OH",142,113,25.69,,"$35M","http://www.linkedin.com/company/relishiq","relishiq.com","SaaS",531,,," For Contacts and mobile phone number see lead411"
1017304,571,,,"Entireti","Sydney","AUS",,118,26,357.89,,,"http://www.linkedin.com/company/entireti","entireti.com.au","Finance",531,,," For Contacts and mobile phone number see lead411"
886074,572,,,"IonQ","College Park","United States","MD",461,378,22.06,2015,,"http://www.linkedin.com/company/ionq.co","ionq.com","Hardware",531,,," For Contacts and mobile phone number see lead411"
144399,573,,,"Arbor Commercial Mortgage","Uniondale","United States","NY",744,729,1.99,1993,,"http://www.linkedin.com/company/arbor-realty-trust","arbor.com","Real Estate",530,2781000000,"January 2022"," For Contacts and mobile phone number see lead411"
977572,574,,,"Acxion Foodservice",,"United States","MD",547,108,407.02,,,"http://www.linkedin.com/company/acxion-foodservice","acxion.com","Food",530,,," For Contacts and mobile phone number see lead411"
1013801,575,,,"Aiwyn","Charlotte","United States","NC",144,94,52.86,2020,"$159M","http://www.linkedin.com/company/aiwyn","aiwyn.ai","Accounting",530,,," For Contacts and mobile phone number see lead411"
361784,576,,,"Arize AI","Berkeley","United States","CA",132,106,25.81,,"$131M","http://www.linkedin.com/company/arizeai","arize.com","AI",530,,," For Contacts and mobile phone number see lead411"
312423,577,,,"Divert","Concord","United States","MA",258,233,10.77,2007,,"http://www.linkedin.com/company/divert","divertinc.com","Environmental",530,,," For Contacts and mobile phone number see lead411"
976527,578,,,"Enfabrica","Mountain View","United States","CA",155,125,24.35,2019,,"http://www.linkedin.com/company/acebinfra1","enfabrica.net","SaaS",529,,," For Contacts and mobile phone number see lead411"
1020818,579,,,"Privy",,"United States",,34,21,58.82,,"$41.3M","http://www.linkedin.com/company/privyio","privy.io","SaaS",529,,," For Contacts and mobile phone number see lead411"
460419,580,,,"Home Sweet Home","Palos Verdes Estates","United States",,299,64,365.31,2004,,"http://www.linkedin.com/company/home-sweet-home-relo","unpackme.com","Transportation",529,,," For Contacts and mobile phone number see lead411"
319795,581,,,"Nirmata","San Jose","United States","CA",110,89,22.99,,"$13.6M","http://www.linkedin.com/company/nirmata","nirmata.com","Tech Services",528,,," For Contacts and mobile phone number see lead411"
351411,582,,,"PeopleOne Health",,,,128,104,22.99,,"$46.6M","http://www.linkedin.com/company/peopleonehealth","peopleonehealth.com","Medical Offices",528,,," For Contacts and mobile phone number see lead411"
698059,583,,,"Private Home Care","Belfast","United States","ME",140,31,350,2012,,"http://www.linkedin.com/company/private-home-care-inc.","privatehomecareinc.com","Health",528,,," For Contacts and mobile phone number see lead411"
976215,584,,,"VulnCheck","Lexington","United States","MA",32,20,58.82,2021,"$19.6M","http://www.linkedin.com/company/vulncheck","vulncheck.com","IT Security",527,,," For Contacts and mobile phone number see lead411"
218863,585,,,"Isuzu Commercial Truck of America","Anaheim","United States","CA",531,514,3.46,,,"http://www.linkedin.com/company/isuzutrucks","isuzucv.com","Automotive",526,,," For Contacts and mobile phone number see lead411"
19308,586,,,"SkyWater Technology Foundry","Bloomington","United States","MN",552,536,3.1,2017,,"http://www.linkedin.com/company/skywater-technology-foundry","skywatertechnology.com","Semiconductors",526,227000000,"November 2023"," For Contacts and mobile phone number see lead411"
976381,587,,,"Socket","San Francisco","United States","CA",54,25,119.05,2020,"$10M","http://www.linkedin.com/company/socketinc","socket.dev","IT Security",525,,," For Contacts and mobile phone number see lead411"
749171,588,,,"PBandJ","Cincinnati","United States","OH",126,28,359.26,2009,,"http://www.linkedin.com/company/makepbj","makepbj.com","Marketing",525,,," For Contacts and mobile phone number see lead411"
981743,589,,,"12 Tides","San Francisco","United States","CA",117,26,342.86,2019,,"http://www.linkedin.com/company/12tides","12tides.com","Food",525,,," For Contacts and mobile phone number see lead411"
1027902,590,,,"Toonsutra","Bangalore","INDIA",,46,29,59.09,2022,"$5.9M","http://www.linkedin.com/company/toonsutra","toonsutra.com","Entertainment",525,,," For Contacts and mobile phone number see lead411"
170627,591,,,"Foundations Investment Advisors","Scottsdale","United States","AZ",72,55,31.25,,,"http://www.linkedin.com/company/foundations-investment-advisors","fiwealth.com","Investments",525,,," For Contacts and mobile phone number see lead411"
173179,592,,,"Willdan Performance Engineering","Lawrence","United States","KS",122,101,20.24,,"$41.6M","http://www.linkedin.com/company/willdan-performance-engineering","willdan.com","Engineering",524,,," For Contacts and mobile phone number see lead411"
315438,593,,,"ConnectDER","Philadelphia","United States","PA",86,74,16.95,2011,"$78.7M","http://www.linkedin.com/company/connectder","connectder.com","Environmental",524,,," For Contacts and mobile phone number see lead411"
327477,594,,,"Khazna Data Centers (Khazna)","Abu Dhabi",,,249,140,77.5,2012,"$69M","http://www.linkedin.com/company/khaznadatacenters","khazna.ae","Tech Services",524,,," For Contacts and mobile phone number see lead411"
26858,595,,,"Polar Asset Management Partners","Toronto","CAN","ON",179,149,20.14,1991,,"http://www.linkedin.com/company/polar-asset-management-partners","polaramp.com","Investments",523,,," For Contacts and mobile phone number see lead411"
1696,596,6245,,"Brightline Trains","Coral Gables","United States","FL",488,479,1.88,2012,"$2.56B","http://www.linkedin.com/company/brightline-trains","gobrightline.com","Transportation",523,,," For Contacts and mobile phone number see lead411"
996878,597,,,"Filigran","Paris","FRA",,121,59,105.88,2022,"$56.6M","http://www.linkedin.com/company/filigran","filigran.io","SaaS",522,,," For Contacts and mobile phone number see lead411"
377282,598,,,"Askable","Fortitude Valley",,,127,62,107.02,2016,"$14.2M","http://www.linkedin.com/company/askable","askable.com","Research",522,,," For Contacts and mobile phone number see lead411"
86883,599,,,"DC BLOX","Atlanta","United States","GA",85,66,29.03,2014,"$285M","http://www.linkedin.com/company/dcblox-inc-","dcblox.com","Tech Services",522,,," For Contacts and mobile phone number see lead411"
644747,600,,,"Community Long Term Care","North Charleston","United States","SC",706,128,452.53,,,"http://www.linkedin.com/company/community-long-term-care","longtermcare.gov","Hospital/Healthcare",522,,," For Contacts and mobile phone number see lead411"
325946,601,,,"퓨리오사에이아이","Santa Clara",,,138,116,18.87,2017,,"http://www.linkedin.com/company/furiosaai","furiosa.ai","AI",522,,," For Contacts and mobile phone number see lead411"
977948,602,,,"KDPOF Knowledge Development for POF SL","Berlin","DEU",,240,52,364.29,,,"http://www.linkedin.com/company/kd-corp","kdpof.com","Semiconductors",521,,," For Contacts and mobile phone number see lead411"
1020272,603,,,"Lumber","San Jose","United States","CA",157,77,103.77,2023,,"http://www.linkedin.com/company/lumberfi","lumberfi.com","Finance",521,,," For Contacts and mobile phone number see lead411"
1014711,604,,,"Lumber","San Jose","United States","CA",157,77,103.77,2023,,"http://www.linkedin.com/company/lumberfi","lumberfi.com","Finance",521,,," For Contacts and mobile phone number see lead411"
726932,605,,,"West Valley National Bank","Goodyear","United States","AZ",183,41,347.22,2006,,"http://www.linkedin.com/company/west-valley-national-bank","wvnb.net","Banking",520,,," For Contacts and mobile phone number see lead411"
672852,606,,,"Joe","Jenks","United States","OK",235,51,359.52,,,"http://www.linkedin.com/company/joe-inc","joeinc.com","Biotech",520,,," For Contacts and mobile phone number see lead411"
1027019,607,,,"ST Telemedia Global Data Centres","Singapore","SGP",,622,578,7.51,,"$1.75B","http://www.linkedin.com/company/sttgdc","sttelemediagdc.com","Tech Services",519,,," For Contacts and mobile phone number see lead411"
235815,608,,,"Clearway Energy Group","San Francisco","United States","CA",914,885,3.23,,"$2.48B","http://www.linkedin.com/company/clearway-energy-group","clearwayenergygroup.com","Environmental",519,,," For Contacts and mobile phone number see lead411"
176247,609,,,"I Squared Capital Advisors","New York","United States","NY",376,302,24.72,,"$48.6M","http://www.linkedin.com/company/i-squared-capital","isquaredcapital.com","Investments",518,,," For Contacts and mobile phone number see lead411"
368757,610,,,"LiquidStack",,,,68,54,26.53,,"$45M","http://www.linkedin.com/company/liquidstack","liquidstack.com","Tech Services",518,,," For Contacts and mobile phone number see lead411"
1015902,611,,,"Gotlandsbolaget","Visby","SE",,129,29,341.38,1865,,"http://www.linkedin.com/company/gotlandsbolaget","gotlandsbolaget.se","Transportation",518,,," For Contacts and mobile phone number see lead411"
892943,612,,,"Greenvolt Group","Lisboa","POR",,284,245,15.74,,,"http://www.linkedin.com/company/greenvolt-group","greenvolt.com","Energy",517,,," For Contacts and mobile phone number see lead411"
885171,613,,,"Sonida Senior Living",,"United States","TX",825,733,12.55,,,"http://www.linkedin.com/company/sonida-senior-living","sonidaseniorliving.com","Consumer Services",516,,," For Contacts and mobile phone number see lead411"
14227,614,,,"Picton Mahoney Asset Management","Toronto","CAN","ON",178,155,15.56,2004,,"http://www.linkedin.com/company/picton-mahoney-asset-management","pictonmahoney.com","Investments",516,,," For Contacts and mobile phone number see lead411"
484540,615,,,"IMAGE Studios","Salt Lake City","United States","UT",180,157,14.75,2010,,"http://www.linkedin.com/company/image-studios-360","imagestudios360.com","Fitness",516,,," For Contacts and mobile phone number see lead411"
966654,616,,,"Captions","New York","United States","NY",133,93,42.35,,"$100M","http://www.linkedin.com/company/captionsapp","captions.ai","AI",515,250000000,"June 2023"," For Contacts and mobile phone number see lead411"
334117,617,,,"Ampd Energy","Shatin",,,112,98,14.29,2014,"$64M","http://www.linkedin.com/company/ampd_energy","ampd.energy","Environmental",515,,," For Contacts and mobile phone number see lead411"
1015135,618,,,"Montage Gold","Vancouver","CAN","BC",177,40,331.82,,,"http://www.linkedin.com/company/montage-gold-corp","montagegold.com","Mining",514,,," For Contacts and mobile phone number see lead411"
1026548,619,,,"Suez Canal Economic Zone (SCZONE)","Suez","EG",,386,361,7.17,,,"http://www.linkedin.com/company/sczoneegy","sczone.eg","Trade",514,,," For Contacts and mobile phone number see lead411"
1015131,620,,,"Canada's Drug Agency","Ottawa","CA","ON",269,59,356.6,,,"http://www.linkedin.com/company/cda-amc","cda-amc.ca","Research",513,,," For Contacts and mobile phone number see lead411"
9530,621,1764,,"Sunbit","Los Angeles","United States","CA",553,516,7.36,2016,"$1.18B","http://www.linkedin.com/company/sunbit","sunbit.com","Fintech",513,1100000000,," For Contacts and mobile phone number see lead411"
315756,622,,,"Homethrive","Northbrook","United States","IL",132,117,12.62,2018,"$64.5M","http://www.linkedin.com/company/homethrive-inc","homethrive.com","Health",513,,," For Contacts and mobile phone number see lead411"
1014811,623,,,"The Call Center Doctors","Houston","United States","TX",450,94,379.25,2021,,"http://www.linkedin.com/company/the-call-center-doctors","ccdocs.com","Marketing Services",512,,," For Contacts and mobile phone number see lead411"
30519,624,,,"Highview Power","London","UK",,74,61,21.57,2005,"$580M","http://www.linkedin.com/company/highviewpower","highviewpower.com","Environmental",512,,," For Contacts and mobile phone number see lead411"
453628,625,,,"Oats Overnight","Tempe","United States","AZ",231,126,82.42,2016,"$66.5M","http://www.linkedin.com/company/oatsovernight","oatsovernight.com","Food",512,,," For Contacts and mobile phone number see lead411"
1027796,626,,,"Soros Fund Management",,"United States",,163,146,11.21,,,"http://www.linkedin.com/company/soros-fund-management","sorosfundmgmt.com","Finance",511,,," For Contacts and mobile phone number see lead411"
885567,627,,,"Equilibrium Energy","San Francisco","United States","CA",155,139,11.21,2021,"$100M","http://www.linkedin.com/company/equilibrium-energy-inc","equilibriumenergy.com","Energy",511,,," For Contacts and mobile phone number see lead411"
996007,628,,,"Karya","Bangalore","IND",,136,69,98.31,2021,,"http://www.linkedin.com/company/karya-inc","karya.in","Tech Services",511,,," For Contacts and mobile phone number see lead411"
759161,629,,,"Medical Anesthesia Group PA","Memphis","United States","TN",123,28,350,,,"http://www.linkedin.com/company/medical-anesthesia-group-pa","magmemphis.com","Medical Offices",510,,," For Contacts and mobile phone number see lead411"
1023806,630,,,"Centricity WealthTech","Gurugram","IN",,404,228,76.65,2022,,"http://www.linkedin.com/company/centricity-wealthtech","centricity.co.in","Finance",510,,," For Contacts and mobile phone number see lead411"
341760,631,,,"Flosonics Medical","Toronto","CAN","ON",67,56,19.23,2015,"$43.4M","http://www.linkedin.com/company/flosonics-medical","flosonicsmedical.com","Digital Health",509,,," For Contacts and mobile phone number see lead411"
457802,632,,,"Venn LocalZone","New York","United States","NY",119,108,11,2002,"$29M","http://www.linkedin.com/company/vennsoftware","venn.com","Tech Services",509,,," For Contacts and mobile phone number see lead411"
325357,633,,,"EnergyX","Austin","United States","TX",115,105,8.89,2018,"$179M","http://www.linkedin.com/company/energyx","energyx.com","Environmental",508,,," For Contacts and mobile phone number see lead411"
376462,634,,,"Agrolend",,,,84,71,18.97,,"$95.3M","http://www.linkedin.com/company/agrolend","agrolend.agr.br","Finance",507,,," For Contacts and mobile phone number see lead411"
14516,635,1302,,"Aspect Biosystems","Vancouver","CAN","BC",136,125,9.09,2013,"$211M","http://www.linkedin.com/company/aspect-biosystems","aspectbiosystems.com","3D",507,,," For Contacts and mobile phone number see lead411"
370679,636,,,"orbexspace",,,,334,256,30.53,2015,"$97.9M","http://www.linkedin.com/company/orbital-express-launch-limited","orbex.space","Aviation",507,,," For Contacts and mobile phone number see lead411"
898137,637,,,"Anthro","San Jose","United States","CA",58,41,41.03,2020,"$27.7M","http://www.linkedin.com/company/anthro-energy","anthroenergy.com","Hardware",507,,," For Contacts and mobile phone number see lead411"
896942,638,,,"Colossal Biosciences","Dallas","United States","TX",235,217,8.48,2021,"$438M","http://www.linkedin.com/company/itiscolossal","colossal.com","Biotech",506,1190000000,"January 2023"," For Contacts and mobile phone number see lead411"
1023613,639,,,"TBC UZ",,,,427,293,45.58,,,"http://www.linkedin.com/company/tbcbankuz","tbcbank.uz","Finance",506,,," For Contacts and mobile phone number see lead411"
899261,640,,,"Aembit","Silver Spring","United States","MD",38,27,41.67,2021,"$42M","http://www.linkedin.com/company/aembit","aembit.io","IT Security",506,,," For Contacts and mobile phone number see lead411"
328061,641,,,"Mara Group","Kigali",,,307,153,100,1996,,"http://www.linkedin.com/company/maraholdings","mara.com","Environmental",505,,," For Contacts and mobile phone number see lead411"
322143,642,,,"Torch Technology","New York","United States","NY",116,108,6.48,,,"http://www.linkedin.com/company/torch-technology","torchdental.com","Tech Services",505,,," For Contacts and mobile phone number see lead411"
171280,643,,,"Plum Fintech","London","UK",,351,272,28.92,2016,"$130M","http://www.linkedin.com/company/plum-fintech","withplum.com","Fintech",505,,," For Contacts and mobile phone number see lead411"
181769,644,,,"GridBeyond",,"UK",,179,167,7.19,,"$94M","http://www.linkedin.com/company/gridbeyond","gridbeyond.com","Environmental",505,,," For Contacts and mobile phone number see lead411"
1025162,645,,,"CredAluga","Alphaville","BR",,142,39,260,2022,"$22M","http://www.linkedin.com/company/credaluga","credaluga.com.br","Finance",504,,," For Contacts and mobile phone number see lead411"
733005,646,,,"League One Volleyball","Los Angeles","United States","CA",334,130,156.76,2019,"$160M","http://www.linkedin.com/company/leagueonevolleyball","lovb.com","Sports",504,,," For Contacts and mobile phone number see lead411"
840726,647,,,"RAJAN CHAKRAVARTHY and ASSOCIATES",,"United States",,148,34,338.71,,,"http://www.linkedin.com/company/rajan-chakravarthy-&-associates","rca.com","Accounting",504,,," For Contacts and mobile phone number see lead411"
395437,648,,,"Warmly",,,,117,61,92.31,,"$22.1M","http://www.linkedin.com/company/warmly","warmly.ai","Analytics",503,,," For Contacts and mobile phone number see lead411"
374596,649,,,"TRACTIAN","Sao Paulo","BRA","SP",579,371,56.47,2019,"$186M","http://www.linkedin.com/company/tractian","tractian.com","Tech Services",503,,," For Contacts and mobile phone number see lead411"
1014736,650,,,"The School of Hard Knocks","Austin","United States","TX",165,38,334.21,2021,,"http://www.linkedin.com/company/the-school-of-hard-knocks-llc","skool.com/schoolofmentors/about","Content",503,,," For Contacts and mobile phone number see lead411"
365898,651,,,"Formic Technologies",,,,89,62,43.1,,"$59.1M","http://www.linkedin.com/company/formic-technologies","formic.co","AI",502,,," For Contacts and mobile phone number see lead411"
890942,652,,,"Vulcan Energy Resources Deutschland","Karlsruhe","GER",,203,170,19.42,,,"http://www.linkedin.com/company/vulcan-energie-ressourcen-gmbh","v-er.eu","Energy",502,,," For Contacts and mobile phone number see lead411"
204736,653,,,"Australian Renewable Energy Agency","Acton","AU",,226,190,19.11,,,"http://www.linkedin.com/company/arenagovau","arena.gov.au","Environmental",501,,," For Contacts and mobile phone number see lead411"
38332,654,,,"Hickory Point Bank","Decatur","United States","IL",151,144,4.55,1979,,"http://www.linkedin.com/company/hickory-point-bank","hickorypointbank.com","Banking",501,,," For Contacts and mobile phone number see lead411"
164830,655,,,"Plaza Tire Service","Cape Girardeau","United States","MO",239,201,18.71,1963,,"http://www.linkedin.com/company/plaza-tire-service","plazatireservice.com","Automotive",501,,," For Contacts and mobile phone number see lead411"
387668,656,,,"Modifi","Berlin","DEU",,137,131,4.9,2018,"$329M","http://www.linkedin.com/company/modifi-moderndigitalfinance","modifi.com","Fintech",501,,," For Contacts and mobile phone number see lead411"
393149,657,,,"Sunfire","Dresden",,,543,486,11.78,2010,"$675M","http://www.linkedin.com/company/sunfire-group","sunfire.de","Environmental",501,,," For Contacts and mobile phone number see lead411"
364764,658,,,"GroundTruth Ag Inc. dba EarthOptics","Raleigh","United States","NC",102,98,3.96,,,"http://www.linkedin.com/company/earthoptics","earthoptics.com","Tech Services",500,,," For Contacts and mobile phone number see lead411"
1023854,659,,,"Overgate Hospice","Halifax","UK",,130,125,4.26,1981,,"http://www.linkedin.com/company/overgate-hospice","overgatehospice.org.uk","Nonprofit",500,,," For Contacts and mobile phone number see lead411"
979976,660,,,"Cypress Village Retirement","Jacksonville","United States","FL",108,25,323.89,1990,,"http://www.linkedin.com/company/cypress-village-retirement","cypressvillageretirement.com","Hospital/Healthcare",499,,," For Contacts and mobile phone number see lead411"
885216,661,,,"Crescent Energy","Houston","United States","TX",334,159,110.24,,,"http://www.linkedin.com/company/crescent-energy-co","crescentenergyco.com","Energy",499,,," For Contacts and mobile phone number see lead411"
364568,662,,,"Document Crunch","Miami",,,128,68,86.67,2019,"$39.1M","http://www.linkedin.com/company/document-crunch","documentcrunch.com","AI",498,,," For Contacts and mobile phone number see lead411"
1014691,663,,,"Series Entertainment","San Francisco","United States","CA",125,29,329.17,2023,"$35.9M","http://www.linkedin.com/company/seriesentertainment","series.ai","AI",498,,," For Contacts and mobile phone number see lead411"
1013672,664,,,"SheFi","Brooklyn","United States","NY",440,94,368.09,2020,,"http://www.linkedin.com/company/shefiorg","shefi.org","Education",498,,," For Contacts and mobile phone number see lead411"
363564,665,,,"Cloudsmith","Belfast",,,109,58,89.13,2016,"$52.5M","http://www.linkedin.com/company/cloudsmith","cloudsmith.com","Tech Services",498,,," For Contacts and mobile phone number see lead411"
931250,666,,,"Operant","San Francisco","United States","CA",45,34,32,,"$13.5M","http://www.linkedin.com/company/operantai","operant.ai","Tech Services",497,,," For Contacts and mobile phone number see lead411"
1013664,667,,,"Tandem","New York","United States","NY",129,30,332,2023,,"http://www.linkedin.com/company/withtandem","withtandem.com","Internet",496,,," For Contacts and mobile phone number see lead411"
844516,668,,,"Supply Chain Solutions Corp","Minneapolis","United States","MN",213,48,340.54,2009,,"http://www.linkedin.com/company/supply-chain-solutions-corp","supplychainsolutionscorp.com","Transportation",496,,," For Contacts and mobile phone number see lead411"
977985,669,,,"JoB FeeD's",,"IND",,756,143,429.2,,,"http://www.linkedin.com/company/jobfeeds","jobfeeds.in","HR",496,,," For Contacts and mobile phone number see lead411"
175765,670,,,"Thunes","Singapore","SGP",,579,475,21.8,2016,"$353M","http://www.linkedin.com/company/thunespayments","thunes.com","Fintech",496,900000000,"July 2023"," For Contacts and mobile phone number see lead411"
977238,671,,,"Range","McLean","United States","VA",138,74,88.68,2020,"$40.7M","http://www.linkedin.com/company/rangefinanceinc","range.com","Finance",496,,," For Contacts and mobile phone number see lead411"
316141,672,,,"Perpetua Resources","Donnelly","United States","ID",68,62,9.8,,,"http://www.linkedin.com/company/perpetuaresources","perpetuaresources.com","Mining",495,,," For Contacts and mobile phone number see lead411"
211564,673,,,"Freedman Seating Co","Chicago","United States","IL",354,330,7.32,,,"http://www.linkedin.com/company/freedman-seating","freedmanseating.com","Transportation",495,,," For Contacts and mobile phone number see lead411"
319495,674,,,"Opsera","Palo Alto","United States","CA",94,86,9.33,,"$51.3M","http://www.linkedin.com/company/opsera","opsera.io","Analytics",494,,," For Contacts and mobile phone number see lead411"
898097,675,,,"Canada Nickel Company","Toronto","CAN","ON",39,30,26.92,2019,,"http://www.linkedin.com/company/canada-nickel","canadanickel.com","Mining",494,,," For Contacts and mobile phone number see lead411"
25161,676,,,"Nivara Home Finance Ltd.","Bangalore","IND",,322,266,20.98,2014,"$38.4M","http://www.linkedin.com/company/nivara-home-finance-ltd","nivarahousing.com","Finance",494,,," For Contacts and mobile phone number see lead411"
729981,677,,,"ZODIAC POOL SYSTEMS","Vista","United States","CA",221,50,342,,,"http://www.linkedin.com/company/zodiac-pool-systems-inc.","zodiacpoolsystems.com","",494,,," For Contacts and mobile phone number see lead411"
382583,678,,,"Flowdesk","Paris","FRA",,204,144,42.2,2020,"$133M","http://www.linkedin.com/company/flowdesk-france","flowdesk.co","Fintech",493,,," For Contacts and mobile phone number see lead411"
59948,679,360,,"Matador Resources Company","Dallas","United States","TX",587,489,19.95,2003,"$1.9M","http://www.linkedin.com/company/matador-resources-company","matadorresources.com","Energy/Oil",493,5318000000,"January 2022"," For Contacts and mobile phone number see lead411"
462410,680,,,"Sword Security - North America","Toronto","CAN","ON",74,17,318.75,2013,,"http://www.linkedin.com/company/sword-security-north-america","swordsecurity.ca","Events",491,,," For Contacts and mobile phone number see lead411"
1027134,681,,,"PAG","n/a","United States",,477,451,5.9,,"$3.87M","http://www.linkedin.com/company/_pag","pag.com","Investments",491,,," For Contacts and mobile phone number see lead411"
479713,682,,,"BrightNight","Inlet Beach","United States","FL",264,210,25.45,2019,"$1.36B","http://www.linkedin.com/company/brightnight-power","brightnightpower.com","Energy",491,,," For Contacts and mobile phone number see lead411"
332407,683,,,"Waga Energy","Meylan",,,286,257,11.27,2015,,"http://www.linkedin.com/company/waga-energy","waga-energy.com","Environmental",491,,," For Contacts and mobile phone number see lead411"
976650,684,,,"Inicio AI","Leicester",,"Leicester",24,19,27.78,2020,"$6.58M","http://www.linkedin.com/company/inicio-ai","inicio.ai","AI",490,,," For Contacts and mobile phone number see lead411"
978079,685,,,"Hummingbird Healthcare",,"United States","FL",326,73,346.15,,,"http://www.linkedin.com/company/hummingbird-healthcare","hummingbird.healthcare","Hospital/Healthcare",490,,," For Contacts and mobile phone number see lead411"
37277,686,,,"Lighthouse Autism Center","Mishawaka","United States","IN",741,602,23.19,2012,"$500K","http://www.linkedin.com/company/lighthouse-autism-center","lighthouseautismcenter.com","Digital Health",490,,," For Contacts and mobile phone number see lead411"
323405,687,,,"Zoobean","Washington",,,49,39,23.68,2013,,"http://www.linkedin.com/company/beanstack-by-zoobean","beanstack.com","EdTech",490,,," For Contacts and mobile phone number see lead411"
360820,688,,,"Zolve","Bangalore","IND",,348,296,17.55,,"$407M","http://www.linkedin.com/company/zolve-official","zolve.com","Fintech",489,,," For Contacts and mobile phone number see lead411"
467330,689,,,"Wyreflow Technology","BHOPAL","IND",,153,36,853.33,2020,,"http://www.linkedin.com/company/wyreflow-technologies","wyreflow.com","Tech Services",489,,," For Contacts and mobile phone number see lead411"
30096,690,,,"AgDevCo","London","UK",,94,89,5.48,2009,,"http://www.linkedin.com/company/agdevco","agdevco.com","Trade",489,,," For Contacts and mobile phone number see lead411"
187173,691,,,"IHT Wealth Management","Chicago","United States","IL",78,74,5.71,,,"http://www.linkedin.com/company/iht-wealth-management","ihtwealthmanagement.com","Investments",489,,," For Contacts and mobile phone number see lead411"
156553,692,,,"Clearinghouse CDFI","Lake Forest","United States","CA",80,76,4.92,1996,"$20.6M","http://www.linkedin.com/company/clearinghouse-cdfi","clearinghousecdfi.com","Finance",489,,," For Contacts and mobile phone number see lead411"
351831,693,,,"PLD SPACE","Elche",,,415,283,46.46,2011,"$147M","http://www.linkedin.com/company/pld-space","pldspace.com","Aviation",489,,," For Contacts and mobile phone number see lead411"
985506,694,,,"Birla Estates","Mumbai","IND",,414,314,31.67,2016,,"http://www.linkedin.com/company/birla-estates","birlaestates.com","Real Estate",488,,," For Contacts and mobile phone number see lead411"
176121,695,,,"Installed Building Products","Columbus","United States","OH",860,769,11.85,,"$250M","http://www.linkedin.com/company/installed-building-products","installedbuildingproducts.com","Construction",488,3530000000,"January 2022"," For Contacts and mobile phone number see lead411"
103495,696,,,"Yondr Group","Amsterdam","NLD",,316,272,16.09,2019,"$150M","http://www.linkedin.com/company/yondrgroup","yondrgroup.com","Tech Services",488,,," For Contacts and mobile phone number see lead411"
977525,697,,,"Slide",,"United States","FL",370,256,44.95,,,"http://www.linkedin.com/company/slideinsurance","slideinsurance.com","Insurance",487,,," For Contacts and mobile phone number see lead411"
670056,698,,,"Inspire Investing","Hollister","United States","CA",37,30,24,2015,,"http://www.linkedin.com/company/inspireinvesting","inspireinvesting.com","Finance",487,,," For Contacts and mobile phone number see lead411"
353565,699,,,"Roma Finance","Manchester",,,83,80,3.28,2008,,"http://www.linkedin.com/company/roma-finance","romafinance.co.uk","Fintech",487,,," For Contacts and mobile phone number see lead411"
319378,700,,,"Render","San Francisco","United States","CA",158,103,53.4,2018,"$163M","http://www.linkedin.com/company/renderco","render.com","Tech Services",487,1500000000,"February 2026"," For Contacts and mobile phone number see lead411"
384720,701,,,"Imprint","New York","United States","NY",210,154,36.07,2020,"$702M","http://www.linkedin.com/company/imprint-payments","imprint.co","Finance",486,,," For Contacts and mobile phone number see lead411"
767475,702,,,"ACCESS MIDSTREAM PARTNERS L.P","Oklahoma City","United States","OK",240,55,335.71,,,"http://www.linkedin.com/company/access-midstream-partners-l.p","accessmidstreampartners.com","Energy/Oil",486,,," For Contacts and mobile phone number see lead411"
365158,703,,,"Ennoventure","Cambridge","United States","MA",100,97,2.82,2018,"$14.9M","http://www.linkedin.com/company/ennoventure","ennoventure.com","Fintech",486,,," For Contacts and mobile phone number see lead411"
1028358,704,,,"Goose","Chicago","United States","IL",39,32,20.69,2021,"$21.6M","http://www.linkedin.com/company/goosepet","goose.pet","SaaS",486,,," For Contacts and mobile phone number see lead411"
175698,705,,,"Simbe Robotics","San Francisco","United States","CA",113,63,76.6,2014,"$105M","http://www.linkedin.com/company/simbe-robotics-inc","simberobotics.com","Retail",485,,," For Contacts and mobile phone number see lead411"
991123,706,,,"Texas Technical Trade School","Houston","United States","TX",152,36,321.43,2020,,"http://www.linkedin.com/company/texas-tech-trade-school","texastechtrade.com","Training",485,,," For Contacts and mobile phone number see lead411"
207459,707,,,"1-800 Water Damage","Ann Arbor","United States","MI",213,199,6.82,,,"http://www.linkedin.com/company/1-800-water-damage","1800waterdamage.com","Facilities",485,,," For Contacts and mobile phone number see lead411"
50304,708,,,"Big Blue Marble Academy","Gilbert","United States","SC",636,524,21.29,2012,"$1.32M","http://www.linkedin.com/company/big-blue-marble-academy","bbmacademy.com","Edtech",484,,," For Contacts and mobile phone number see lead411"
385557,709,,,"Kalshi","New York","United States","NY",495,200,147.5,2018,"$156M","http://www.linkedin.com/company/kalshi","kalshi.com","Event Tech",484,22000000000,"May 2026"," For Contacts and mobile phone number see lead411"
363068,710,,,"Carbon Robotics","Seattle","United States","WA",289,214,34.67,,"$156M","http://www.linkedin.com/company/carbonrobotics","carbonrobotics.com","Industrial",484,,," For Contacts and mobile phone number see lead411"
376920,711,,,"Andermatt Swiss Alps","Altdorf",,,118,28,320.83,,,"http://www.linkedin.com/company/andermatt-swiss-alps","andermatt-swissalps.ch","Real Estate",484,,," For Contacts and mobile phone number see lead411"
166908,712,,,"Orange County Transportation Authority","Orange","United States","CA",984,941,4.48,,,"http://www.linkedin.com/company/orange-county-transportation-authority","octa.net","Transportation",484,,," For Contacts and mobile phone number see lead411"
366149,713,,,"GameOn","Vancouver","CAN","BC",89,88,1.39,2018,,"http://www.linkedin.com/company/gameonfanapp","gameon.app","Entertainment",483,,," For Contacts and mobile phone number see lead411"
315875,714,,,"Nayya","New York","United States","NY",187,155,20.42,,"$109M","http://www.linkedin.com/company/nayya","nayya.com","Tech Services",483,,," For Contacts and mobile phone number see lead411"
980241,715,,,"Modern Wealth Management","Lenexa","United States","KS",244,182,34.04,1996,,"http://www.linkedin.com/company/meet-modern-wealth-management","modwm.com","Finance",483,,," For Contacts and mobile phone number see lead411"
1026691,716,,,"Altilium Clean Technology","England","UK",,47,29,60,2020,"$2.22M","http://www.linkedin.com/company/altilium-clean-technology","altilium.tech","Wholesale",483,,," For Contacts and mobile phone number see lead411"
986909,717,,,"JETSET Pilates","Miami Beach","United States","FL",171,83,104.84,2010,,"http://www.linkedin.com/company/jetset-pilates","jetsetpilates.com","Fitness",482,,," For Contacts and mobile phone number see lead411"
383829,718,,,"Harrison.ai","Sydney","AUS",,316,282,12.44,2018,,"http://www.linkedin.com/company/harrison-ai","harrison.ai","AI",482,,," For Contacts and mobile phone number see lead411"
161273,719,,,"Excelerate Energy","The Woodlands","United States","TX",685,656,4.48,2003,,"http://www.linkedin.com/company/excelerate-energy","excelerateenergy.com","Energy/Oil",481,,," For Contacts and mobile phone number see lead411"
827649,720,,,"EGL Holdings","Atlanta","United States","GA",130,31,313.33,,,"http://www.linkedin.com/company/egl-holdings","eglholdings.com","Investment Banks",481,,," For Contacts and mobile phone number see lead411"
1020726,721,,,"CULT MIA","Victoria","UK",,20,17,21.43,2019,,"http://www.linkedin.com/company/cult-mia","cultmia.com","Retail",481,,," For Contacts and mobile phone number see lead411"
13396,722,3079,,"Omnidian","Seattle","United States","WA",318,286,11.21,2015,"$172M","http://www.linkedin.com/company/omnidian-inc.","omnidian.com","Environmental",481,,," For Contacts and mobile phone number see lead411"
347935,723,,,"Matadero Madrid","MOMUY",,,757,147,416.24,,,"http://www.linkedin.com/company/matadero","mataderomadrid.org","Textiles",481,,," For Contacts and mobile phone number see lead411"
981699,724,,,"Tessell","San Francisco","United States","CA",164,138,18.7,2021,,"http://www.linkedin.com/company/tessell-inc","tessell.com","SaaS",480,,," For Contacts and mobile phone number see lead411"
977103,725,,,"Uniqus Consultech","Mumbai ",,"Maharashtra",549,397,38.26,2022,"$42.5M","http://www.linkedin.com/company/uniqus-consultech","uniqus.com","Consulting",480,,," For Contacts and mobile phone number see lead411"
1012331,726,,,"Kin Insurance","Chicago","United States","IL",804,772,4.17,2016,"$458M","http://www.linkedin.com/company/kin-insurance","kin.com","Fintech",480,1000000000,"September 2023"," For Contacts and mobile phone number see lead411"
762375,727,,,"The Bay Family of Companies","Green Bay","United States","WI",216,50,335.56,,,"http://www.linkedin.com/company/the-bay-family-of-companies","baycompanies.com","Materials",480,,," For Contacts and mobile phone number see lead411"
87535,728,,,"ZEDEDA","Santa Clara","United States","CA",154,130,18.18,2016,"$126M","http://www.linkedin.com/company/zededaedge","zededa.com","Analytics",480,,," For Contacts and mobile phone number see lead411"
61771,729,,,"ACS - Design.Construction.Integration","Middleton","United States","WI",771,150,415.31,1994,,"http://www.linkedin.com/company/acs-affiliated-construction-services-","acscm.com","Construction",480,,," For Contacts and mobile phone number see lead411"
967944,730,,,"MOP","Alfragide","POR",,188,45,321.95,,,"http://www.linkedin.com/company/mop---multimedia-outdoors-portugal","mop.pt","Marketing",479,,," For Contacts and mobile phone number see lead411"
1024050,731,,,"Cayena","Sao Paulo","BRA","SP",354,323,9.47,2019,"$73.4M","http://www.linkedin.com/company/oicayena","cayena.com","Wholesale",479,,," For Contacts and mobile phone number see lead411"
381368,732,,,"Ecozen","Pune","IND",,519,379,36.98,2010,"$162M","http://www.linkedin.com/company/ecozen-solutions","ecozensolutions.com","Environmental",479,,," For Contacts and mobile phone number see lead411"
488912,733,,,"Azra Games","Sacramento","United States","CA",131,75,72.73,,"$68M","http://www.linkedin.com/company/azra-games","azragames.com","Gaming",478,,," For Contacts and mobile phone number see lead411"
888795,734,,,"Scape Australia","Sydney","AUS",,352,322,9.15,2013,,"http://www.linkedin.com/company/scape-australia","scape.com.au","Real Estate",478,,," For Contacts and mobile phone number see lead411"
172469,735,,,"Juniper Green Energy","Gurugram","IND",,557,408,36.73,2018,"$364M","http://www.linkedin.com/company/junipergreenenergy","junipergreenenergy.com","Environmental",478,,," For Contacts and mobile phone number see lead411"
1021012,736,,,"Distributional","Berkeley",,,38,19,94.44,,"$30M","http://www.linkedin.com/company/dbnlai","distributional.com","SaaS",477,,," For Contacts and mobile phone number see lead411"
1027691,737,,,"Callan Family Office",,,,48,42,14.29,2022,,"http://www.linkedin.com/company/callan-family-office","callanfamilyoffice.com","Finance",477,,," For Contacts and mobile phone number see lead411"
1026204,738,,,"Raya Data Center","Giza","EG",,274,271,0.76,2008,,"http://www.linkedin.com/company/raya-data-center","rayadatacenter.com","Tech Services",477,,," For Contacts and mobile phone number see lead411"
898441,739,,,"E3 Lithium","Calgary","United States","AB",59,52,13.51,2016,"$42.3M","http://www.linkedin.com/company/e3lithium","e3lithium.ca","Mining",477,,," For Contacts and mobile phone number see lead411"
754867,740,,,"CHILDRENS MEDICAL CENTER LTD","MARTINSVILLE","United States","VA",133,32,312,,,"http://www.linkedin.com/company/childrens-medical-center-ltd","cmcpeds.com","Hospital/Healthcare",476,,," For Contacts and mobile phone number see lead411"
758345,741,,,"Pallas Capital Advisors","Braintree","United States","MA",46,41,11.76,2019,,"http://www.linkedin.com/company/pallas-capital-advisors","pallascapitaladvisors.com","Finance",475,,," For Contacts and mobile phone number see lead411"
197730,742,,,"LMR Partners","","UK",,427,351,21.91,,,"http://www.linkedin.com/company/lmr-partners","lmrpartners.com","Finance",475,,," For Contacts and mobile phone number see lead411"
392712,743,,,"spectro cloud","Santa Clara","United States","Ca",243,190,27.75,2019,"$160M","http://www.linkedin.com/company/spectro-cloud","spectrocloud.com","Tech Services",474,,," For Contacts and mobile phone number see lead411"
216625,744,,,"StorageMart","Brooklyn","United States","NY",373,351,6.39,,,"http://www.linkedin.com/company/storagemart","storage-mart.com","Real Estate",474,,," For Contacts and mobile phone number see lead411"
369380,745,,,"Mesh","San Jose","United States","CA",159,139,14.4,,"$19.5M","http://www.linkedin.com/company/meshdotai","mesh.ai","Analytics",474,,," For Contacts and mobile phone number see lead411"
149193,746,,,"MarketResearch.com","North Bethesda","United States","MD",563,122,359.65,1998,,"http://www.linkedin.com/company/marketresearch","marketresearch.com","Research",473,,," For Contacts and mobile phone number see lead411"
320585,747,,,"Cart.com","Austin","United States","TX",833,746,11.81,2020,"$771M","http://www.linkedin.com/company/cartdotcom","cart.com","eCommerceTech",473,1200000000,"June 2023"," For Contacts and mobile phone number see lead411"
315087,748,,,"AiDash","San Jose","United States","CA",413,388,6.25,2019,"$91.5M","http://www.linkedin.com/company/aidash","aidash.com","AI",473,,," For Contacts and mobile phone number see lead411"
209385,749,,,"Micro Bird","","CAN","QC",239,188,27.07,,,"http://www.linkedin.com/company/microbird-inc-","microbird.com","Automotive",473,,," For Contacts and mobile phone number see lead411"
895234,750,,,"Zenobē","London","UK",,369,350,5.34,2017,"$710M","http://www.linkedin.com/company/zenobe-energy-ltd","zenobe.com","Utilities",473,,," For Contacts and mobile phone number see lead411"
106086,751,,,"Cresta","San Francisco","United States","CA",414,278,48.97,2017,"$282M","http://www.linkedin.com/company/cresta-inc","cresta.com","AI",473,1600000000,"March 2022"," For Contacts and mobile phone number see lead411"
470045,752,,,"Cornish Lithium Limited","Penryn","UK",,143,112,26.44,2016,"$340M","http://www.linkedin.com/company/cornish-lithium-plc","cornishlithium.com","Mining",473,,," For Contacts and mobile phone number see lead411"
1025883,753,,,"Mattson Financial Services","Kentwood","United States","MI",24,22,5.88,2001,,"http://www.linkedin.com/company/mattson-financial-services-llc","mattsonfinancial.com","Finance",472,,," For Contacts and mobile phone number see lead411"
366989,754,,,"Heirloom Carbon","San Francisco","United States","CA",232,184,25.79,,"$208M","http://www.linkedin.com/company/heirloom-carbon","heirloomcarbon.com","Environmental",472,,," For Contacts and mobile phone number see lead411"
488796,755,,,"Topsort","San Francisco","United States","CA",107,63,69.81,2021,"$43.2M","http://www.linkedin.com/company/topsort","topsort.com","SaaS",472,,," For Contacts and mobile phone number see lead411"
360581,756,,,"Zouk","Mumbai","IND",,278,152,83.08,2016,,"http://www.linkedin.com/company/zouk","zouk.co.in","Consumer",471,,," For Contacts and mobile phone number see lead411"
353949,757,,,"Sardine","San Francisco","United States","CA",271,216,25.79,,"$146M","http://www.linkedin.com/company/sardineai","sardine.ai","Fintech",471,,," For Contacts and mobile phone number see lead411"
175396,758,,,"Recogni","San Jose","United States","CA",119,106,12.5,2017,"$174M","http://www.linkedin.com/company/recogni","recogni.com","Hardware",471,,," For Contacts and mobile phone number see lead411"
981936,759,,,"OmniOn Power","Plano","United States","TX",268,63,327.91,,,"http://www.linkedin.com/company/omnionpower","omnionpower.com","Electronics",471,,," For Contacts and mobile phone number see lead411"
1019218,760,,,"International Institute of SDG's and Public Policy Research","NEW DELHI","IN",,285,67,324.44,2021,,"http://www.linkedin.com/company/international-institute-of-sdg-s-and-public-policy-research","iisppr.org.in","Public Policy Offices",471,,," For Contacts and mobile phone number see lead411"
1024076,761,,,"Metro Loft Management",,"United States",,42,39,8.11,,,"http://www.linkedin.com/company/metro-loft-management","metroloftnyc.com","Real Estate",470,,," For Contacts and mobile phone number see lead411"
1012463,762,,,"HERO","Birmingham","United States","AL",221,52,322.5,2017,,"http://www.linkedin.com/company/eatatherotoday","herodoughnutsandbuns.com","Restaurants",470,,," For Contacts and mobile phone number see lead411"
898928,763,,,"Magic","Cambridge",,"Cambridge",56,29,88.89,2022,"$471M","http://www.linkedin.com/company/magicailabs","magic.dev","SaaS",470,,," For Contacts and mobile phone number see lead411"
477922,764,,,"TRANSAMAR","Algeciras","SPA","Cadiz",267,214,24.84,,,"http://www.linkedin.com/company/transamar","maersk.com","Transportation",470,,," For Contacts and mobile phone number see lead411"
314526,765,,,"Steno","Los Angeles","United States","CA",582,448,29.7,2018,"$127M","http://www.linkedin.com/company/steno-inc","steno.com","Legaltech",470,,," For Contacts and mobile phone number see lead411"
459233,766,,,"Faropoint","Jersey City","United States","TN",141,127,11.02,2012,,"http://www.linkedin.com/company/faropoint","faropoint.com","Real Estate",469,,," For Contacts and mobile phone number see lead411"
975964,767,,,"Rainbow Realty Group","Great Neck",,"Great Neck",34,32,6.67,2019,,"http://www.linkedin.com/company/rainbowrg","rainbowrg.com","Real Estate",469,,," For Contacts and mobile phone number see lead411"
1013739,768,,,"Garden","New York","United States","NY",166,49,238.46,,"$6.8M","http://www.linkedin.com/company/garden-intelligence","gardenintel.com","Internet",468,,," For Contacts and mobile phone number see lead411"
489279,769,,,"Talonvest Capital","Irvine","United States","CA",20,19,5.88,2010,,"http://www.linkedin.com/company/talonvest-capital-inc-","talonvest.com","Real Estate",468,,," For Contacts and mobile phone number see lead411"
1028948,770,,,"Lumafield","Cambridge","United States","MA",143,130,10.28,2019,"$188M","http://www.linkedin.com/company/lumafield","lumafield.com","Hardware",468,,," For Contacts and mobile phone number see lead411"
168012,771,,,"Laser Photonics","Lockhart","United States","FL",95,80,18.33,1981,,"http://www.linkedin.com/company/laser-photonics","laserphotonics.com","Machinery",468,,," For Contacts and mobile phone number see lead411"
821843,772,,,"Beacon Hill Preparatory Institute",,"United States",,172,42,311.43,2005,,"http://www.linkedin.com/company/beacon-hill-preparatory-institute","beaconhillprep.org","Education",467,,," For Contacts and mobile phone number see lead411"
175453,773,,,"Sayari Labs","Washington","United States","DC",335,212,58.46,2015,"$40M","http://www.linkedin.com/company/sayarilabs","sayari.com","Tech Services",467,,," For Contacts and mobile phone number see lead411"
898953,774,,,"Cirba Solutions","Charlotte","United States","NC",167,153,8.53,1991,"$295M","http://www.linkedin.com/company/cirbasolutions","cirbasolutions.com","Environmental",466,,," For Contacts and mobile phone number see lead411"
971509,775,,,"Peak XV Partners","Bangalore","IND",,135,33,309.09,,,"http://www.linkedin.com/company/peakxvpartners","peakxv.com","Venture Capital",466,,," For Contacts and mobile phone number see lead411"
728245,776,,,"Wireless Revolution","Farmington Hills","United States","MI",733,146,401.54,,,"http://www.linkedin.com/company/wireless-revolution","wirelessrevolution.com","Telecom",466,,," For Contacts and mobile phone number see lead411"
328432,777,,,"ModifyHealth","Alpharetta","United States","GA",55,29,92.59,2018,"$29M","http://www.linkedin.com/company/modifyhealth","modifyhealth.com","Digital Health",466,,," For Contacts and mobile phone number see lead411"
2159,778,,,"Innov8 Coworking","New Delhi","IND",,87,66,30.19,2015,"$4M","http://www.linkedin.com/company/innov8-coworking","innov8.work","Real Estate Tech",466,,," For Contacts and mobile phone number see lead411"
3422,779,7175,,"Keepit","Copenhagen","DNK",,513,404,27.13,2007,"$114M","http://www.linkedin.com/company/keepit-a-s","keepit.com","Tech Services",466,,," For Contacts and mobile phone number see lead411"
395383,780,,,"VuNet Systems","Bangalore","IND",,256,143,79.55,2014,"$14.4M","http://www.linkedin.com/company/vunet-systems","vunetsystems.com","Analytics",466,,," For Contacts and mobile phone number see lead411"
1028627,781,,,"Vermillio","","United States","IL",29,28,4,,"$23.5M","http://www.linkedin.com/company/vermillio","vermill.io","SaaS",466,,," For Contacts and mobile phone number see lead411"
757065,782,,,"Family Service Agency","Phoenix","United States","AZ",330,77,328.81,1902,,"http://www.linkedin.com/company/familyserviceagency","fsaphoenix.org","Hospital/Healthcare",466,,," For Contacts and mobile phone number see lead411"
1019022,783,,,"Univest","","IND",,134,81,64.52,2022,,"http://www.linkedin.com/company/univest-in","univest.in","Finance",465,,," For Contacts and mobile phone number see lead411"
214634,784,,,"The Cordish Companies","Baltimore","United States","MD",225,211,6.98,,,"http://www.linkedin.com/company/the-cordish-company","cordish.com","Entertainment",465,,," For Contacts and mobile phone number see lead411"
488696,785,,,"Serve Robotics","Los Angeles","United States","CA",215,67,223.53,,,"http://www.linkedin.com/company/serverobotics","serverobotics.com","Tech Services",465,,," For Contacts and mobile phone number see lead411"
373547,786,,,"Stitch Money","Cape Town",,,191,140,36.19,,,"http://www.linkedin.com/company/stitchmoney","stitch.money","Fintech",465,,," For Contacts and mobile phone number see lead411"
39438,787,,,"U.S. Energy Development Corporation","Getzville","United States","NY",156,145,7.27,1980,,"http://www.linkedin.com/company/u.s.-energy-development-corporation","usedc.com","Energy/Oil",464,,," For Contacts and mobile phone number see lead411"
483606,788,,,"restor3d","Durham","United States","NC",293,243,20.6,2017,"$192M","http://www.linkedin.com/company/restor3d","restor3d.com","Medical",464,,," For Contacts and mobile phone number see lead411"
315067,789,,,"Observe","San Mateo","United States","CA",242,201,20.42,2017,"$322M","http://www.linkedin.com/company/observe-inc","observeinc.com","Tech Services",464,,," For Contacts and mobile phone number see lead411"
313899,790,,,"Fast Pace Health","Waynesboro","United States","TN",132,109,22.86,2009,"$75M","http://www.linkedin.com/company/fast-pace-urgent-care-center","fastpacehealth.com","Hospital/Healthcare",463,,," For Contacts and mobile phone number see lead411"
1021304,791,,,"Crux",,"United States",,56,30,84,2023,"$77M","http://www.linkedin.com/company/cruxclimate","cruxclimate.com","Internet",463,,," For Contacts and mobile phone number see lead411"
975457,792,,,"Pomelo Care","New York","United States","NY",354,147,140.82,,"$79M","http://www.linkedin.com/company/pomelo-care","pomelocare.com","Hospital/Healthcare",463,1700000000,"January 2026"," For Contacts and mobile phone number see lead411"
1021234,793,,,"Norm Ai","New York","United States","NY",57,21,164.71,,"$86.4M","http://www.linkedin.com/company/normative-ai","norm.ai","AI",462,,," For Contacts and mobile phone number see lead411"
694643,794,,,"PeopleResults","Southlake","United States","TX",138,34,309.68,,,"http://www.linkedin.com/company/peopleresults","people-results.com","Consulting",462,,," For Contacts and mobile phone number see lead411"
973372,795,,,"Plus Power","New York","United States","CA",281,237,18.59,2018,"$215M","http://www.linkedin.com/company/plus-power","pluspower.com","Energy",461,,," For Contacts and mobile phone number see lead411"
342020,796,,,"Francis Medical","Maple Grove","United States","MN",67,59,13.33,2018,"$160M","http://www.linkedin.com/company/francis-medical","francismedical.com","Medical Equip",461,,," For Contacts and mobile phone number see lead411"
1020477,797,,,"Strolll","Stafford","UK",,48,26,85,2019,"$17.2M","http://www.linkedin.com/company/strolll","strolll.co","Medical",461,,," For Contacts and mobile phone number see lead411"
753258,798,,,"The Children's Center","Niles","","MI",162,40,309.09,2004,,"http://www.linkedin.com/company/the-children-s-center","thechildrenscenterinc.com","Education",460,,," For Contacts and mobile phone number see lead411"
971030,799,,,"ORBIDI","Sant Cugat","SPA",,461,105,338.46,2022,,"http://www.linkedin.com/company/orbidi","orbidi.com","Marketing",460,,," For Contacts and mobile phone number see lead411"
1017546,801,,,"BEW Berliner Energie und Wärme GmbH","Berlin","DE",,961,152,533.03,,,"http://www.linkedin.com/company/berlinerenergieundwaerme","bew.berlin","Utilities",459,,," For Contacts and mobile phone number see lead411"
981635,802,,,"GameDay Men's Health","Carlsbad","United States","CA",631,276,128.97,2017,,"http://www.linkedin.com/company/gameday-mens-health","gamedaymenshealth.com","Hospital/Healthcare",459,,," For Contacts and mobile phone number see lead411"
480746,803,,,"Crust Pizza Co.","The Woodlands","United States","TX",299,228,30.77,2011,,"http://www.linkedin.com/company/crust-pizza-co.","crustpizzaco.com","Restaurants",459,,," For Contacts and mobile phone number see lead411"
359593,804,,,"Wellfount Corporation","Indianapolis","United States","IN",70,17,314.29,,,"http://www.linkedin.com/company/wellfount-corporation","wellfount.com","Pharma",458,,," For Contacts and mobile phone number see lead411"
165398,805,,,"Reinke Manufacturing Company","Deshler","United States","NE",148,126,17.86,1954,,"http://www.linkedin.com/company/reinkemanufacturing","reinke.com","Electronics",458,,," For Contacts and mobile phone number see lead411"
98227,806,912,,"Avolon","Ballsbridge",,,452,416,8.44,2010,"$26B","http://www.linkedin.com/company/avolon","avolon.aero","Aviation",458,,," For Contacts and mobile phone number see lead411"
662354,807,,,"Grace Baptist Church and Academy","Chattanooga","United States","TN",616,131,369.31,1963,,"http://www.linkedin.com/company/grace-baptist-church-and-academy","ourgrace.church","Religious",458,,," For Contacts and mobile phone number see lead411"
1022139,808,,,"Metsera",,"United States",,107,39,176.67,,,"http://www.linkedin.com/company/metsera","metsera.com","Biotech",457,,," For Contacts and mobile phone number see lead411"
95547,809,,,"Convergent Energy and Power","New York","United States","NY",206,178,15.87,2011,,"http://www.linkedin.com/company/convergent-energy-power","convergentep.com","Energy/Oil",457,,," For Contacts and mobile phone number see lead411"
460810,810,,,"Prenuvo","San Francisco","United States","CA",395,239,65.12,,,"http://www.linkedin.com/company/prenuvo","prenuvo.com","Medical Offices",457,,," For Contacts and mobile phone number see lead411"
364963,811,,,"Electric Era","Seattle","United States","WA",96,57,67.39,2019,"$16.6M","http://www.linkedin.com/company/electric-era","electriceratechnologies.com","Engineering",457,,," For Contacts and mobile phone number see lead411"
1014623,812,,,"Fella and Delilah Health","San Francisco","United States","CA",149,37,303.57,2021,,"http://www.linkedin.com/company/fella-delilah-health","fellahealth.com","Medical",457,,," For Contacts and mobile phone number see lead411"
977647,813,,,"BOH SPECIALISTS - 8 LUG CIRCUS",,"United States","NC",149,37,303.85,,,"http://www.linkedin.com/company/bohspecialists","bohspecialists.com","Entertainment",457,,," For Contacts and mobile phone number see lead411"
456133,814,,,"TeraWulf","Easton","United States","MD",31,25,26.32,2021,,"http://www.linkedin.com/company/terawulf","terawulf.com","Environmental",457,,," For Contacts and mobile phone number see lead411"
10929,815,7068,,"Rigetti Computing","Berkeley","United States","CA",157,153,2.84,2013,"$198.5M","http://www.linkedin.com/company/rigetti-computing","rigetti.com","AI",457,,," For Contacts and mobile phone number see lead411"
976731,816,,,"Mojave Energy Systems","Palo Alto","United States","CA",58,47,23.53,,"$22.2M","http://www.linkedin.com/company/mojave-energy-systems-inc","mojavehvac.com","Manufacturing",456,,," For Contacts and mobile phone number see lead411"
1023264,817,,,"First Eagle Investments","New York","United States","NY",554,533,4.03,1864,"$815M","http://www.linkedin.com/company/first-eagle-investments","firsteagle.com","Investments",455,,," For Contacts and mobile phone number see lead411"
768106,818,,,"Nassau Financial Group","Hartford","United States","CT",783,738,6.11,2015,,"http://www.linkedin.com/company/nassau-financial-group","nfg.com","Insurance",455,,," For Contacts and mobile phone number see lead411"
88617,819,1309,,"GoldenTree Asset Management","New York","United States","NY",372,350,6.17,2000,"$1.44M","http://www.linkedin.com/company/goldentree-asset-management","goldentree.com","Investments",455,,," For Contacts and mobile phone number see lead411"
693722,820,,,"Partners Health Care","Chestnut Hill","United States","MA",244,59,311.11,,,"http://www.linkedin.com/company/partners-health-care","patientgateway.org","Consulting",454,,," For Contacts and mobile phone number see lead411"
329658,821,,,"Princeton Digital Group","Singapore","SGP",,288,226,27.75,2018,"$1.17B","http://www.linkedin.com/company/princetondg","princetondg.com","Telecom",454,2000000000,"February 2022"," For Contacts and mobile phone number see lead411"
1027636,822,,,"Bitdeer Group","Singapore","SGP",,242,214,13.04,2020,,"http://www.linkedin.com/company/bitdeer-group","bitdeer.com","SaaS",454,,," For Contacts and mobile phone number see lead411"
324923,823,,,"Digital Edge DC","Singapore","SGP",,266,209,27.27,2020,"$1.64B","http://www.linkedin.com/company/digital-edge-dc","digitaledgedc.com","Telecom",454,,," For Contacts and mobile phone number see lead411"
1019246,824,,,"Apna Mart","Bengaluru","IND",,369,209,76.97,2021,,"http://www.linkedin.com/company/apnamart-hq","apnamart.in","Internet",453,,," For Contacts and mobile phone number see lead411"
490210,825,,,"Princeton Nuenergy","Princeton","United States","NJ",42,35,20,2019,"$41.3M","http://www.linkedin.com/company/princeton-nuenergy","pnecycle.com","Energy",453,,," For Contacts and mobile phone number see lead411"
977266,826,,,"EigenLayer","Seattle","United States","WA",124,67,85.48,,"$164M","http://www.linkedin.com/company/eigenl","eigenlayer.xyz","Tech Services",452,,," For Contacts and mobile phone number see lead411"
381050,827,,,"D-Orbit","Fino Mornasco",,,531,458,15.74,2011,"$263M","http://www.linkedin.com/company/d-orbit","dorbit.space","Aviation",452,,," For Contacts and mobile phone number see lead411"
359142,828,,,"vitronet Gruppe","Essen",,,605,130,367.26,,,"http://www.linkedin.com/company/vitronet-gruppe","vitronet.de","Telecom",452,,," For Contacts and mobile phone number see lead411"
176333,829,,,"Neurona Therapeutics","South San Francisco","United States","CA",112,79,41.67,,"$348M","http://www.linkedin.com/company/neurona-therapeutics","neuronatherapeutics.com","Biotech",452,,," For Contacts and mobile phone number see lead411"
41133,830,,,"ENTEK Manufacturing","Lebanon","United States","OR",273,245,11.3,1985,,"http://www.linkedin.com/company/entek-international","entek.com","Machinery",451,,," For Contacts and mobile phone number see lead411"
975527,831,,,"F1 Arcade","London",,"England",358,271,32.32,2021,"$62.4M","http://www.linkedin.com/company/f1-arcade","f1arcade.com","Hospitality",451,,," For Contacts and mobile phone number see lead411"
1028610,832,,,"Auxia","Palo Alto","United States","CA",47,18,152.94,,"$29M","http://www.linkedin.com/company/auxia-io","auxia.io","SaaS",451,,," For Contacts and mobile phone number see lead411"
1019265,833,,,"Gautam Solar Pvt Ltd","Okhla Industrial Estate","IN",,289,172,67.81,1997,,"http://www.linkedin.com/company/gautam-solar-group","gautamsolar.com","Semiconductors",451,,," For Contacts and mobile phone number see lead411"
980493,834,,,"kuLi vaporizer","St. Louis","United States","MO",462,107,330.3,2015,,"http://www.linkedin.com/company/kuli-vaporizer","kulishop.com","Hardware",451,,," For Contacts and mobile phone number see lead411"
973355,835,,,"LemFi (Formerly Lemonade Finance)","Oakland","United States","CA",338,232,45.41,2020,"$85.4M","http://www.linkedin.com/company/lemfi","lemfi.com","Finance",450,,," For Contacts and mobile phone number see lead411"
1024971,836,,,"Octopus Energy Generation","London","UK",,209,168,23.94,,"$3.65B","http://www.linkedin.com/company/octopusenergygeneration","octopusenergygeneration.com","Finance",450,,," For Contacts and mobile phone number see lead411"
970148,837,,,"Dyn Media GmbH","Cologne","GER",,155,39,303.23,2022,,"http://www.linkedin.com/company/dyn-media","dynmedia.com","SaaS",450,,," For Contacts and mobile phone number see lead411"
991742,838,,,"RR","Windsor","UK",,205,50,312.5,2005,,"http://www.linkedin.com/company/recruitmentrevolution-com","recruitmentrevolution.com","Recruiting",449,,," For Contacts and mobile phone number see lead411"
361409,839,,,"Alinea","New York","United States","NY",28,24,23.08,2020,"$16.1M","http://www.linkedin.com/company/alineainvest","alinea-invest.com","Finance",449,,," For Contacts and mobile phone number see lead411"
740506,840,,,"Hillpointe","Winter Park","United States","FL",255,153,65.91,2018,,"http://www.linkedin.com/company/hillpointe","hillpointe.com","Real Estate",449,,," For Contacts and mobile phone number see lead411"
976907,841,,,"Astrix Security","Tel Aviv","ISR","Tel Aviv",117,76,53.62,,"$85M","http://www.linkedin.com/company/astrix-security","astrix.security","IT Security",449,,," For Contacts and mobile phone number see lead411"
366112,842,,,"Futwork",,,,661,493,34.15,,"$3.48M","http://www.linkedin.com/company/futwork","futwork.com","HR",449,,," For Contacts and mobile phone number see lead411"
478849,843,,,"Sokin","London","UK","England",115,48,136.11,2019,"$15M","http://www.linkedin.com/company/sokin","sokin.com","Finance",448,,," For Contacts and mobile phone number see lead411"
359384,844,,,"万达电影院线","Beijing",,,421,98,331.18,2005,,"http://www.linkedin.com/company/wanda-cinema-line-corporation","wandacinemas.com","Media",448,,," For Contacts and mobile phone number see lead411"
18982,845,,,"Atlas Renewable Energy","Santiago de Chile","CHILE",,628,472,33.08,,,"http://www.linkedin.com/company/atlasrenewableenergy","atlasrenewableenergy.com","Environmental",447,,," For Contacts and mobile phone number see lead411"
981784,846,,,"Every","San Francisco","United States","CA",299,119,150.57,2021,"$32.1M","http://www.linkedin.com/company/everybanking","every.io","Finance",447,,," For Contacts and mobile phone number see lead411"
173427,847,,,"Urbint","New York","United States","NY",180,145,23.62,2015,"$140M","http://www.linkedin.com/company/urbint","urbint.com","AI",447,,," For Contacts and mobile phone number see lead411"
328087,848,,,"Marshalls Official Site","Houston","United States","TX",557,397,40.13,,,"http://www.linkedin.com/company/marshalls-homegoods","marshalls.com","Retail",447,,," For Contacts and mobile phone number see lead411"
683881,849,,,"Miamin Systems","Dubai","United States","United Arab Emirates",174,44,297.87,2016,,"http://www.linkedin.com/company/miamin-systems-inc","miamincorp.com","Tech Services",447,,," For Contacts and mobile phone number see lead411"
691972,850,,,"OPTIONS",,"United States",,257,63,310,,,"http://www.linkedin.com/company/options-inc","options4u.org","NonProfit",447,,," For Contacts and mobile phone number see lead411"
376469,851,,,"Agtonomy",,,,66,64,4.08,,"$32.8M","http://www.linkedin.com/company/agtonomy","agtonomy.com","Industrial",446,,," For Contacts and mobile phone number see lead411"
319618,852,,,"Bitwise Asset Management","San Francisco","United States","CA",137,111,23.38,,"$157M","http://www.linkedin.com/company/bitwise-asset-management","bitwiseinvestments.com","Fintech",446,,," For Contacts and mobile phone number see lead411"
1014108,853,,,"Denny's Franchise Development","Spartanburg ","United States","SC",150,38,288.89,,,"http://www.linkedin.com/company/denny-s-franchise-development","dennysfranchising.com","Restaurants",446,,," For Contacts and mobile phone number see lead411"
980163,854,,,"Illini Electric Motorsports","Champaign","United States","IL",197,50,296.88,2023,,"http://www.linkedin.com/company/illini-electric-motorsports","illinielectricmotorsports.com","Automotive",445,,," For Contacts and mobile phone number see lead411"
395891,855,,,"Wrapbook","New York","United States","NY",436,343,26.92,2018,"$151M","http://www.linkedin.com/company/wrapbook","wrapbook.com","Fintech",445,1000000000,"November 2021"," For Contacts and mobile phone number see lead411"
14264,856,1965,,"FundThrough","Toronto","CAN","ON",104,85,22.58,2014,"$96.3M","http://www.linkedin.com/company/fundthrough","fundthrough.com","Fintech",444,,," For Contacts and mobile phone number see lead411"
1024355,857,,,"NEPI Rockcastle","Bucharest","IM",,519,474,9.6,,,"http://www.linkedin.com/company/nepi-rockcastle","nepirockcastle.com","Real Estate",444,,," For Contacts and mobile phone number see lead411"
886634,858,,,"Simplicity Group","Summit","United States","NJ",613,532,15.31,2016,"$43.5M","http://www.linkedin.com/company/simplicitygroupholdings","simplicitygroup.com","Finance",443,,," For Contacts and mobile phone number see lead411"
988944,859,,,"Berry Street","Brooklyn","United States","NY",132,56,135.71,2022,"$61.2M","http://www.linkedin.com/company/berry-street-health","berrystreet.co","Home Health Care Services",443,,," For Contacts and mobile phone number see lead411"
361374,860,,,"Albedo","Denver","United States","CO",94,93,1.41,2020,"$228M","http://www.linkedin.com/company/albedo-space","albedo.com","Aviation",443,,," For Contacts and mobile phone number see lead411"
320522,861,,,"Bridge Industrial",,,,155,145,6.92,,,"http://www.linkedin.com/company/bridge-industrial","bridgeindustrial.com","Real Estate",443,,," For Contacts and mobile phone number see lead411"
342085,862,,,"Friends and Family Company","Brooklyn","United States","NY",251,62,303.45,2012,,"http://www.linkedin.com/company/friends-family","friendsfamily.co","Tech Services",442,,," For Contacts and mobile phone number see lead411"
1024854,863,,,"BasiGo","Nairobi","KE",,145,97,49.35,2021,"$99M","http://www.linkedin.com/company/basigo","basi-go.com","Energy",442,,," For Contacts and mobile phone number see lead411"
769138,864,,,"U.S.SECURITY","Las Vegas","United States","NV",275,68,306.45,2009,,"http://www.linkedin.com/company/u-s-security","u-s-security.com","Security",442,,," For Contacts and mobile phone number see lead411"
733052,865,,,"Liberty Church","Fairfield","","CA",275,68,305.77,1991,,"http://www.linkedin.com/company/liberty-church-fairfield","libertyfairifeld.com","Religious",442,,," For Contacts and mobile phone number see lead411"
652699,866,,,"ECI Pharmaceuticals","Fort Lauderdale","United States","FL",133,34,292.86,,,"http://www.linkedin.com/company/eci-pharmaceuticals","ecipharma.com","Pharma",440,,," For Contacts and mobile phone number see lead411"
489876,867,,,"Cambium Carbon","Washington","United States","DC",52,38,40,,"$28.2M","http://www.linkedin.com/company/cambium-carbon","cambiumcarbon.com","Environmental",440,,," For Contacts and mobile phone number see lead411"
383477,868,,,"Plotwise","Rotterdam",,,142,96,48.72,,,"http://www.linkedin.com/company/gradyent","gradyent.ai","AI",440,,," For Contacts and mobile phone number see lead411"
980733,869,,,"Electrolit USA","Albany","United States","NY",225,171,32.5,2014,,"http://www.linkedin.com/company/electrolit","electrolit.com","Food",440,,," For Contacts and mobile phone number see lead411"
976777,870,,,"Bonsai Robotics",,,,56,34,62.5,,"$28.5M","http://www.linkedin.com/company/bonsai-robotics","bonsairobotics.ai","Manufacturing",439,,," For Contacts and mobile phone number see lead411"
51511,871,,,"Gerald Group","Stamford","United States","CT",310,284,8.89,1962,"$200K","http://www.linkedin.com/company/gerald-metals","gerald.com","Mining",439,,," For Contacts and mobile phone number see lead411"
992437,872,,,"Rerun","Stockholm","SWE",,51,31,64.29,2022,"$20.2M","http://www.linkedin.com/company/rerun-io","rerun.io","SaaS",439,,," For Contacts and mobile phone number see lead411"
1028731,873,,,"Strickland MFG","Oilville","United States","VA",48,32,52.17,1945,,"http://www.linkedin.com/company/strickland-mfg","stricklandus.com","Manufacturing",439,,," For Contacts and mobile phone number see lead411"
366175,874,,,"Gateway Fiber","St. Louis",,,106,72,47.83,,"$75M","http://www.linkedin.com/company/gateway-fiber","gatewayfiber.com","Tech Services",439,,," For Contacts and mobile phone number see lead411"
833605,875,,,"KHC - A Karen Harvey Company","New York","United States","NY",117,30,303.57,,,"http://www.linkedin.com/company/khc","thekhc.co","Recruiting",439,,," For Contacts and mobile phone number see lead411"
1028871,876,,,"Good Job Games","Istanbul","TR",,210,132,59.35,2017,"$23M","http://www.linkedin.com/company/goodjobgames","goodjobgames.com","Gaming",438,,," For Contacts and mobile phone number see lead411"
970123,877,,,"Linklaters Germany","Frankfurt","GER",,113,29,292.59,,,"http://www.linkedin.com/company/linklaters-germany","linklaters.de","Legal",438,,," For Contacts and mobile phone number see lead411"
896919,878,,,"Aymium","St. Paul","United States","MN",35,29,21.74,2012,"$150M","http://www.linkedin.com/company/aymium","aymium.com","Energy",438,,," For Contacts and mobile phone number see lead411"
481278,879,,,"Prenuvo","San Francisco","United States","CA",439,266,65.12,,"$192M","http://www.linkedin.com/company/prenuvo","prenuvo.com","Medical",438,,," For Contacts and mobile phone number see lead411"
327105,880,,,"Inspiren","Brooklyn","United States","NY",85,55,53.13,2016,"$52.4M","http://www.linkedin.com/company/inspirenhealth","inspiren.com","Hospital/Healthcare",438,,," For Contacts and mobile phone number see lead411"
978320,881,,,"San Diego FC",,"United States","CA",302,74,310,,,"http://www.linkedin.com/company/san-diego-fc","sandiegofc.com","Sports",438,,," For Contacts and mobile phone number see lead411"
97741,882,,,"Pindrop","Atlanta","United States","GA",322,298,8.27,2011,"$333M","http://www.linkedin.com/company/pindrop","pindrop.com","IT Security",438,,," For Contacts and mobile phone number see lead411"
831320,883,,,"High Rise Financial","Los Angeles","United States","CA",128,97,32.88,2016,"$150M","http://www.linkedin.com/company/high-rise-financial","highriselegalfunding.com","Finance",437,,," For Contacts and mobile phone number see lead411"
711631,884,,,"Stanley Associates","Arlington","United States","VA",105,27,288.46,1976,,"http://www.linkedin.com/company/stanley-associates-inc-","stanleyassociates.com","Tech Services",437,,," For Contacts and mobile phone number see lead411"
24131,885,,,"Thinking Hut IT Solutions","Pune","IND",,136,35,285.71,2010,,"http://www.linkedin.com/company/thinking-hut-it-solutions","thinkinghut.com","Tech Services",437,,," For Contacts and mobile phone number see lead411"
313479,886,,,"Standard Wellness Company","Gibsonburg","United States","OH",112,77,46.03,2017,,"http://www.linkedin.com/company/standard-wellness-company","standardwellness.com","Medical",436,,," For Contacts and mobile phone number see lead411"
176314,887,,,"Fora Financial","New York","United States","NY",211,210,0.57,,"$387M","http://www.linkedin.com/company/fora-financial","forafinancial.com","Finance",436,,," For Contacts and mobile phone number see lead411"
59388,888,3566,,"GandA Partners","Houston","United States","TX",795,250,218.75,1995,,"http://www.linkedin.com/company/g-a-partners","gnapartners.com","HR",436,,," For Contacts and mobile phone number see lead411"
367106,889,,,"Higharc","Anywhere",,,138,95,44.87,2018,"$78.7M","http://www.linkedin.com/company/higharc","higharc.com","3D",436,,," For Contacts and mobile phone number see lead411"
483149,890,,,"K9 Resorts Luxury Pet Hotel","Fanwood","United States","NJ",327,270,21.33,2005,"$13.9M","http://www.linkedin.com/company/k-9-resorts-daycare-&-luxury-hotel","k9resorts.com","Hospitality",436,,," For Contacts and mobile phone number see lead411"
1028789,891,,,"KoMiCo USA","Austin","United States","TX",187,183,1.8,2007,,"http://www.linkedin.com/company/komico-technology-incorporated","komico.com","Semiconductors",436,,," For Contacts and mobile phone number see lead411"
1021143,892,,,"RAINBOW","San Francisco","United States",,155,107,44.3,2021,"$28.9M","http://www.linkedin.com/company/userainbow","userainbow.com","Insurance",435,,," For Contacts and mobile phone number see lead411"
1012572,893,,,"Ascend","Boulder","United States","CO",124,32,287.1,,,"http://www.linkedin.com/company/ascendps","ascendps.com","HR",435,,," For Contacts and mobile phone number see lead411"
894002,894,,,"MN8 Energy","New York","United States","NY",475,397,19.76,2022,,"http://www.linkedin.com/company/mn8energy","mn8energy.com","Energy",435,,," For Contacts and mobile phone number see lead411"
37945,895,,,"Kovitz Investment Group","Chicago","United States","IL",154,133,16.26,2003,,"http://www.linkedin.com/company/kovitz","kovitz.com","Investments",435,,," For Contacts and mobile phone number see lead411"
166238,896,,,"Turnberry","Aventura","United States","FL",327,309,5.8,1967,,"http://www.linkedin.com/company/turnberry","turnberry.com","Real Estate",435,,," For Contacts and mobile phone number see lead411"
1012639,897,,,"Gravity Engineering Services","Lewes","United States","DE",120,31,289.66,2012,,"http://www.linkedin.com/company/gravity-engineering-services-private-limited","gravityer.com","Tech Services",435,,," For Contacts and mobile phone number see lead411"
746045,898,,,"Pennsylvania Transformer Technology Inc. (PTTI)","Canonsburg","United States","PA",217,170,27.92,1927,,"http://www.linkedin.com/company/pennsylvania-transformer-technology-inc-","patransformer.com","Electronics",434,,," For Contacts and mobile phone number see lead411"
36981,899,,,"Medical Oncology and Hematology Associates","Des Moines","United States","IA",174,45,285.71,1981,,"http://www.linkedin.com/company/oncology-hematology-associates","cancercenterofiowa.com","Hospital/Healthcare",434,,," For Contacts and mobile phone number see lead411"
764238,900,,,"Yeadon Domes","Minneapolis","United States","MN",49,48,2.5,,,"http://www.linkedin.com/company/yeadondomes","yeadondomes.com","Sports",433,,," For Contacts and mobile phone number see lead411"
1016465,901,,,"DEEP","Luxembourg","LU",,340,84,710.81,2024,,"http://www.linkedin.com/company/deep-eu","deep.eu","SaaS",433,,," For Contacts and mobile phone number see lead411"
336734,902,,,"Cagent Vascular","Wayne","United States","PA",83,55,52.27,2014,"$73.2M","http://www.linkedin.com/company/cagent-vascular","cagentvascular.com","Medical Equip",433,,," For Contacts and mobile phone number see lead411"
102319,903,,,"Super Star Car Wash","Phoenix","United States","AZ",462,349,32.18,1995,,"http://www.linkedin.com/company/super-star-car-wash","superstarcarwashaz.com","Automotive",433,,," For Contacts and mobile phone number see lead411"
1019171,904,,,"PRAN Beverages (India) Private Limited","Kolkata","IN",,443,106,317.91,2010,,"http://www.linkedin.com/company/pran-beverages-india-pvt-ltd","pbil.in","Food",433,,," For Contacts and mobile phone number see lead411"
315517,905,,,"ByHeart","New York City","United States","NY",243,217,12.21,2016,"$464M","http://www.linkedin.com/company/byheartnutrition","byheart.com","Health",432,,," For Contacts and mobile phone number see lead411"
382200,906,,,"Fairmat",,,,127,89,43.27,,,"http://www.linkedin.com/company/fairmat-tech","fairmat.tech","Environmental",432,,," For Contacts and mobile phone number see lead411"
1015586,907,,,"Schools Week","London","UK",,278,70,300,2014,,"http://www.linkedin.com/company/schools-week","schoolsweek.co.uk","Education",432,,," For Contacts and mobile phone number see lead411"
204812,908,,,"Phoenix Sky Harbor International Airport","Phoenix","United States","AZ",390,377,3.56,,,"http://www.linkedin.com/company/phoenix-sky-harbor-international-airport","skyharbor.com","Aviation",431,,," For Contacts and mobile phone number see lead411"
226250,909,,,"Jobs For The Future","Boston","United States","MA",822,737,11.71,,"$10M","http://www.linkedin.com/company/jobs-for-the-future","jff.org","Education",431,,," For Contacts and mobile phone number see lead411"
332163,910,,,"Vecmocon Technologies Private Limited","New Delhi","IND",,209,136,53.54,2016,"$23.4M","http://www.linkedin.com/company/vecmocon","vecmocon.com","Automotive",431,,," For Contacts and mobile phone number see lead411"
1026643,911,,,"Swave Photonics","Leuven","BE",,36,23,60,2022,"$40.1M","http://www.linkedin.com/company/swave-photonics","swave.io","Semiconductors",431,,," For Contacts and mobile phone number see lead411"
392315,912,,,"skylightframe.com","West Hollywood","United States","CA",171,121,41.18,,"$20M","http://www.linkedin.com/company/skylight-frame","skylightframe.com","Electronics",430,,," For Contacts and mobile phone number see lead411"
976213,913,,,"Haus",,,,224,94,137.65,2021,"$61.6M","http://www.linkedin.com/company/haus-analytics","haus.io","Tech Services",429,,," For Contacts and mobile phone number see lead411"
899054,914,,,"GeoPura","Wysall",,"Nottinghamshire",132,94,40.26,,"$124M","http://www.linkedin.com/company/geopura","geopura.com","Energy",429,,," For Contacts and mobile phone number see lead411"
362871,915,,,"Bureau","San Francisco","United States","CA",233,153,52.48,2020,"$50.6M","http://www.linkedin.com/company/bureauidentity","bureau.id","Tech Services",429,,," For Contacts and mobile phone number see lead411"
737406,916,,,"HTeaO","Midland","United States","TX",569,452,25.84,2009,,"http://www.linkedin.com/company/hteao","hteao.com","Restaurants",429,,," For Contacts and mobile phone number see lead411"
457666,917,,,"Underdog Fantasy","Brooklyn","United States","NY",655,450,45.72,,,"http://www.linkedin.com/company/underdogfantasy","underdogfantasy.com","Sports",428,,," For Contacts and mobile phone number see lead411"
15946,918,7202,,"ALG","Brisbane Airport","AUS",,272,69,292.65,2004,,"http://www.linkedin.com/company/algtalent","algtalent.com","Recruiting",428,,," For Contacts and mobile phone number see lead411"
981748,919,,,"Freestone Grove Partners","San Francisco","United States","CA",172,45,284,2023,,"http://www.linkedin.com/company/freestone-grove-partners","fgrovep.com","Finance",428,,," For Contacts and mobile phone number see lead411"
752984,920,,,"Optilogic","Ann Arbor","United States","MI",110,79,39.47,,"$53M","http://www.linkedin.com/company/optilogic","optilogic.com","Tech Services",427,,," For Contacts and mobile phone number see lead411"
330970,921,,,"Spyne","Gurgaon","IND",,362,230,57.35,2018,"$27.3M","http://www.linkedin.com/company/spyne-ai","spyne.ai","Analytics",427,,," For Contacts and mobile phone number see lead411"
175509,922,,,"Spare","Vancouver","CAN","BC",243,161,50.98,2015,"$57.8M","http://www.linkedin.com/company/spare","sparelabs.com","IT Security",427,,," For Contacts and mobile phone number see lead411"
842045,923,,,"Salon De Beauty","Boston","United States","MA",168,44,282.35,,,"http://www.linkedin.com/company/salon-de-beauty","salondebeauty.com","Hospital/Healthcare",427,,," For Contacts and mobile phone number see lead411"
1028361,924,,,"Perfect","New York","United States","NY",49,32,54.84,2021,"$36M","http://www.linkedin.com/company/goperfect","goperfect.com","SaaS",427,,," For Contacts and mobile phone number see lead411"
892004,925,,,"Raxio Data Centres","Rotterdam","NET",,118,85,38.67,2018,,"http://www.linkedin.com/company/raxiodatacentres","raxiogroup.com","Telecom",427,,," For Contacts and mobile phone number see lead411"
898375,926,,,"ShopMy","New York","United States","NY",416,161,158.39,2020,,"http://www.linkedin.com/company/shopmy-","shopmy.us","Internet",427,1500000000,"October 2025"," For Contacts and mobile phone number see lead411"
9719,927,1031,,"EP Wealth Advisors","Torrance","United States","CA",481,377,27.58,2004,"$6.6M","http://www.linkedin.com/company/ep-wealth-advisors","epwealth.com","Fintech",427,,," For Contacts and mobile phone number see lead411"
978185,928,,,"Sequel Med Tech",,"United States","NH",287,73,295.08,,,"http://www.linkedin.com/company/sequel-med-tech","sequelmedtech.com","Medical",426,,," For Contacts and mobile phone number see lead411"
1018989,929,,,"Innovist","Gurgaon","IN",,134,97,38.14,2018,"$33M","http://www.linkedin.com/company/innovist","innovist.com","Personal Care Product Manufacturing",426,,," For Contacts and mobile phone number see lead411"
376996,930,,,"ANYbotics","Zurich",,,308,197,56.64,2016,"$145M","http://www.linkedin.com/company/anybotics","anybotics.com","Industrial",426,,," For Contacts and mobile phone number see lead411"
321359,931,,,"MarqVision","Boston","United States","MA",196,142,38.52,,"$46.6M","http://www.linkedin.com/company/marqvision","marqvision.com","Tech Services",426,,," For Contacts and mobile phone number see lead411"
100816,932,,,"Five Iron Golf","New York","United States","NY",381,336,13.55,2017,"$61.8M","http://www.linkedin.com/company/fiveirongolf","fiveirongolf.com","Entertainment",426,,," For Contacts and mobile phone number see lead411"
340432,933,,,"EMS Technologies joins Albireo Energy",,,,194,51,280.43,1980,,"http://www.linkedin.com/company/ems-technologies_2","emstec.com","Facilities",425,,," For Contacts and mobile phone number see lead411"
991826,934,,,"SeAH Wind Ltd","Edinburgh","UK",,241,69,247.27,2021,,"http://www.linkedin.com/company/seah-wind-ltd","seah.co.kr","Energy",425,,," For Contacts and mobile phone number see lead411"
1028435,935,,,"Evertis Packaging Solutions","Portalegre","PT",,369,328,12.55,1959,,"http://www.linkedin.com/company/evertispackagingsolutions","evertis.com","Manufacturing",424,,," For Contacts and mobile phone number see lead411"
977013,936,,,"JetZero","Long Beach","United States","CA",210,141,48.48,2020,"$79.4M","http://www.linkedin.com/company/jetzero","jetzero.aero","Aviation",424,,," For Contacts and mobile phone number see lead411"
326173,937,,,"GITAI","Meguro-ku",,,65,64,1.75,2016,"$75M","http://www.linkedin.com/company/gitai","gitai.tech","Defense",424,,," For Contacts and mobile phone number see lead411"
392956,938,,,"Stellex","New York","United States","NY",65,50,28.57,,,"http://www.linkedin.com/company/stellex-capital-management","stellexcapital.com","Finance",424,,," For Contacts and mobile phone number see lead411"
171309,939,,,"Wayve","London","UK",,536,299,79.61,2017,"$1.3B","http://www.linkedin.com/company/wayve-technologies","wayve.ai","AI",424,,," For Contacts and mobile phone number see lead411"
1028785,940,,,"Taiwan Semiconductor","Shindian City","TW",,326,291,11.99,1979,,"http://www.linkedin.com/company/taiwan-semiconductor","taiwansemi.com","Semiconductors",424,,," For Contacts and mobile phone number see lead411"
90229,941,,,"JobNimbus","American Fork","United States","UT",276,230,20.09,2011,"$68.5M","http://www.linkedin.com/company/jobnimbus","jobnimbus.com","Tech Services",424,,," For Contacts and mobile phone number see lead411"
1015511,942,,,"Fuse Energy","London","UK",,102,46,121.74,2022,,"http://www.linkedin.com/company/fuseenergyhq","fuseenergy.com","Internet",423,,," For Contacts and mobile phone number see lead411"
227738,943,,,"John H. Carter Company","Baton Rouge","United States","LA",554,519,6.77,,,"http://www.linkedin.com/company/john-h.-carter","johnhcarter.com","Industrial",422,,," For Contacts and mobile phone number see lead411"
152788,944,,,"SK Capital Partners","New York","United States","NY",118,110,6.67,,,"http://www.linkedin.com/company/sk-capital-partners","skcapitalpartners.com","Investments",422,,," For Contacts and mobile phone number see lead411"
146823,945,,,"Bigelow Tea","Fairfield","United States","CT",273,261,4.63,1945,,"http://www.linkedin.com/company/bigelow-tea","bigelowtea.com","Consumer",422,,," For Contacts and mobile phone number see lead411"
982290,946,,,"Fleek (YC W22)","London","UK",,103,76,35.53,,"$20.9M","http://www.linkedin.com/company/joinfleek","joinfleek.com","Internet",422,,," For Contacts and mobile phone number see lead411"
996705,947,,,"PrettyDamnQuick","Tel Aviv","ISR",,52,35,50,2021,"$30.9M","http://www.linkedin.com/company/prettydamnquick","prettydamnquick.com","SaaS",422,,," For Contacts and mobile phone number see lead411"
335906,948,,,"Concierge Cybersecurity Solutions","Orlando","United States","FL",93,65,43.55,2017,,"http://www.linkedin.com/company/blackcloak","blackcloak.io","IT Security",422,,," For Contacts and mobile phone number see lead411"
476500,949,,,"Auror",1010,"NZ",,276,188,47.28,2012,"$70.7M","http://www.linkedin.com/company/auror","auror.co","SaaS",421,,," For Contacts and mobile phone number see lead411"
973390,950,,,"Metronome","San Francisco","United States","CA",135,100,34.69,2020,"$130M","http://www.linkedin.com/company/getmetronome","metronome.com","SaaS",421,,," For Contacts and mobile phone number see lead411"
1019087,951,,,"Dentalkart","New Delhi","IN",,505,285,77.33,2016,,"http://www.linkedin.com/company/dentalkart","dentalkart.com","Medical",421,,," For Contacts and mobile phone number see lead411"
846907,952,,,"Umpqua Dairy Products Co","Grants Pass","United States","OR",102,27,285,,,"http://www.linkedin.com/company/umpqua-dairy-products-co","umpquadairy.com","Food",421,,," For Contacts and mobile phone number see lead411"
115413,953,,,"Plurilock Software","Victoria","CAN","BC",64,45,41.86,2015,,"http://www.linkedin.com/company/plurilock-security-solutions-inc","plurilock.com","IT Security",421,,," For Contacts and mobile phone number see lead411"
1024191,954,,,"TheHealthFactory","Mumbai","IN",,31,21,47.62,2018,,"http://www.linkedin.com/company/thehealthfactory","thehealthfactory.in","Food and Beverage Retail",421,,," For Contacts and mobile phone number see lead411"
1027055,955,,,"Sereact","Stuttgart","DE",,49,21,128.57,,"$30.9M","http://www.linkedin.com/company/sereact","sereact.ai","SaaS",421,,," For Contacts and mobile phone number see lead411"
975164,956,,,"Coro","Chicago","United States","IL",408,375,8.82,2014,,"http://www.linkedin.com/company/corocyber","coro.net","IT Security",421,750000000,"March 2024"," For Contacts and mobile phone number see lead411"
316120,957,,,"XNRGY Climate Systems","Greenfield Park QC  J4V 1M9",,,218,149,46.61,2017,,"http://www.linkedin.com/company/xnrgy-climate-systems","xnrgy.com","Engineering",421,,," For Contacts and mobile phone number see lead411"
373701,958,,,"SuperAnnotate","Sunnyvale","United States","CA",305,200,52.41,2018,"$62.1M","http://www.linkedin.com/company/superannotate","superannotate.com","AI",420,,," For Contacts and mobile phone number see lead411"
330787,959,,,"Soda Health",,,,91,64,43.1,,"$99M","http://www.linkedin.com/company/sodahealth","sodahealth.com","Digital Health",420,,," For Contacts and mobile phone number see lead411"
976572,960,,,"Reeco","Tel Aviv","ISR","Tel Aviv",50,34,50,,"$33M","http://www.linkedin.com/company/re-eco","reeco.io","Hospitality",420,,," For Contacts and mobile phone number see lead411"
985699,961,,,"Q.ai","Ramat Gan","ISR",,316,80,295,,,"http://www.linkedin.com/company/q-a-i","q.ai","AI",420,,," For Contacts and mobile phone number see lead411"
898826,962,,,"Method Financial","Austin","United States","TX",57,39,45.95,2021,"$60.1M","http://www.linkedin.com/company/methodfi","methodfi.com","Finance",419,,," For Contacts and mobile phone number see lead411"
991356,963,,,"Deep Sky","Montreal","CAN","QC",57,39,45.45,2022,"$62.2M","http://www.linkedin.com/company/deep-sky-climate","deepskyclimate.com","Environmental",419,,," For Contacts and mobile phone number see lead411"
980894,964,,,"Deep Sky","Montreal","CAN","QC",57,39,45.45,2022,,"http://www.linkedin.com/company/deep-sky-climate","deepskyclimate.com","Environmental",419,,," For Contacts and mobile phone number see lead411"
1020559,965,,,"xtype.io","Covina","United States","CA",48,33,46.88,2020,"$31.8M","http://www.linkedin.com/company/xtype","xtype.io","SaaS",419,,," For Contacts and mobile phone number see lead411"
386388,966,,,"Life Plus","Paris","FRA",,69,18,280,2015,,"http://www.linkedin.com/company/life-plus-io","lifeplus.io","Health",419,,," For Contacts and mobile phone number see lead411"
1026227,967,,,"Great Valley Advisor Group","Berwyn","United States","PA",29,20,41.18,1982,,"http://www.linkedin.com/company/great-valley-advisor-group","greatvalleyadvisors.com","Finance",418,,," For Contacts and mobile phone number see lead411"
985120,968,,,"HYGENCO - The Hydrogen Company","Gurugram","IND",,122,92,32.61,2020,,"http://www.linkedin.com/company/hygenco","hygenco.in","Energy",418,,," For Contacts and mobile phone number see lead411"
53664,969,,,"Andretti Indoor Karting and Games","Orlando","United States","FL",903,809,11.55,2001,,"http://www.linkedin.com/company/andrettikarting","andrettikarting.com","Entertainment",418,,," For Contacts and mobile phone number see lead411"
900898,970,,,"LiveOak Fiber","Brunswick",,"GA",114,86,32.93,2022,"$150M","http://www.linkedin.com/company/liveoak-fiber","liveoakfiber.com","Telecom",418,,," For Contacts and mobile phone number see lead411"
322632,971,,,"accor.com","Hoofddorp",,,64,51,26.83,2015,,"http://www.linkedin.com/company/novotel-amsterdam-schiphol-airport","accor.com","Hospitality",418,,," For Contacts and mobile phone number see lead411"
887379,972,,,"PCF Insurance Services","Lehi","United States","UT",717,620,15.6,1987,,"http://www.linkedin.com/company/pcfinsuranceservices","pcfins.com","Insurance",418,,," For Contacts and mobile phone number see lead411"
666909,973,,,"Home Improvement Services","Portland","United States","OR",236,61,285,1980,,"http://www.linkedin.com/company/home-improvement-services-inc","home-improve-inc.com","Construction",417,,," For Contacts and mobile phone number see lead411"
1024892,974,,,"Fixify","Arlington","United States","VA",46,20,131.58,2023,"$32M","http://www.linkedin.com/company/hifixify","fixify.com","Tech Services",417,,," For Contacts and mobile phone number see lead411"
980314,975,,,"Pace Membership Warehouse","Laurel","United States","MD",105,28,272,,,"http://www.linkedin.com/company/pace-membership-warehouse","pacemembershipwarehouse.com","Telecom",417,,," For Contacts and mobile phone number see lead411"
122936,976,,,"Boostly","Orem","United States",,63,28,125.93,2017,"$29.8M","http://www.linkedin.com/company/goboostly","boostly.com","Tech Services",417,,," For Contacts and mobile phone number see lead411"
88446,977,,,"ItsaCheckmate","New York","United States","NY",364,300,21.33,2016,"$3M","http://www.linkedin.com/company/itsacheckmate","itsacheckmate.com","Hospitality",417,,," For Contacts and mobile phone number see lead411"
18775,978,1237,,"PosiGen","Jefferson","United States","LA",593,511,16.02,2011,"$814M","http://www.linkedin.com/company/posigen","posigen.com","Environmental",416,,," For Contacts and mobile phone number see lead411"
1021123,979,,,"Ryft","London","UK",,30,21,45,,"$8.9M","http://www.linkedin.com/company/ryftpay","ryftpay.com","Tech Services",416,,," For Contacts and mobile phone number see lead411"
175587,980,,,"Fiddler","Palo Alto","United States","CA",101,77,31.51,2018,"$64.1M","http://www.linkedin.com/company/fiddler-ai","fiddler.ai","AI",416,,," For Contacts and mobile phone number see lead411"
975913,981,,,"beehiiv","New York","United States","NY",192,102,88.24,2021,"$50.9M","http://www.linkedin.com/company/beehiiv","beehiiv.com","Internet",416,,," For Contacts and mobile phone number see lead411"
469954,982,,,"Chapter","New York","United States","NY",131,100,31.58,,"$186M","http://www.linkedin.com/company/joinchapter","askchapter.org","Consumer",416,,," For Contacts and mobile phone number see lead411"
315378,983,,,"Group14 Technologies","Woodinville","United States","WA",291,227,28.19,2015,"$683M","http://www.linkedin.com/company/group14-technologies","group14.technology","Manufacturing",415,,," For Contacts and mobile phone number see lead411"
978271,984,,,"Cape",,"United States","VA",106,49,118.6,,"$76.4M","http://www.linkedin.com/company/capecellular","cape.co","Telecom",415,,," For Contacts and mobile phone number see lead411"
746181,985,,,"Roger's Construction","Mt Pleasant Township","","PA",153,41,270.37,,,"http://www.linkedin.com/company/roger-s-construction","rogersconstruction.site","Construction",415,,," For Contacts and mobile phone number see lead411"
709384,986,,,"Soltis Investment Advisors","St. George","United States","UT",130,100,30.12,1993,,"http://www.linkedin.com/company/soltis-investment-advisors","soltisadvisors.com","Finance",414,,," For Contacts and mobile phone number see lead411"
484752,987,,,"Capital Square","Richmond","United States","VA",148,146,1.48,2012,"$10M","http://www.linkedin.com/company/capitalsq","capitalsq.com","Investments",414,,," For Contacts and mobile phone number see lead411"
478556,988,,,"Meteomatics AG","St. Gallen / Berlin","SWI",,139,107,29.52,2012,"$36.5M","http://www.linkedin.com/company/meteomatics","meteomatics.com","Technology",414,,," For Contacts and mobile phone number see lead411"
1012763,989,,,"CodeRoad","Boca Raton","United States","FL",123,33,278.13,2002,,"http://www.linkedin.com/company/coderoad-inc","coderoad.com","SaaS",414,,," For Contacts and mobile phone number see lead411"
62440,990,,,"Port of Oakland","Oakland","United States","Ca",605,578,4.7,,,"http://www.linkedin.com/company/port-of-oakland","portofoakland.com","Maritime",414,,," For Contacts and mobile phone number see lead411"
11079,991,,,"Viome","Mountain View","United States","CA",100,92,7.95,2016,"$277M","http://www.linkedin.com/company/viome","viome.com","Digital Health",413,,," For Contacts and mobile phone number see lead411"
1013090,992,,,"Hoosier Community Network","Bloomington","United States","IN",108,29,273.91,,,"http://www.linkedin.com/company/hoosiercommunitynetwork","hoosiercommunitynetwork.com","Nonprofit",413,,," For Contacts and mobile phone number see lead411"
899040,993,,,"Chaos Labs","New York","United States","NY",45,32,43.33,2021,"$75M","http://www.linkedin.com/company/chaos-labs-xyz","chaoslabs.xyz","SaaS",413,,," For Contacts and mobile phone number see lead411"
481010,994,,,"IHOP (Hotcakes Inc San Diego Palm Springs Orange County)",,"United States","CA",234,185,26.62,,,"http://www.linkedin.com/company/ihop-hotcakes-inc-san-diego-palm-springs-orange-county-","ihop.com","Food",413,,," For Contacts and mobile phone number see lead411"
993435,995,,,"Maritim Hotel Amsterdam","Amsterdam","NLD",,186,50,275,,,"http://www.linkedin.com/company/maritim-hotel-amsterdam","maritim.com/en/hotels/netherlands/hotel-amsterdam/hotel-overview","Hospitality",413,,," For Contacts and mobile phone number see lead411"
1024728,996,,,"Renaissance Technologies","East Setauket","United States","NY",49,35,40.63,1978,,"http://www.linkedin.com/company/renaissane-technologies","rentec.com","Investments",413,,," For Contacts and mobile phone number see lead411"
1018840,997,,,"Electronics and Electrical Design",",","IN",,230,60,283.93,2014,,"http://www.linkedin.com/company/eeupdate","eeupdate.com","Electronics",413,,," For Contacts and mobile phone number see lead411"
350993,998,,,"Oxford Quantum Circuits","Reading","UK",,134,104,29,2017,"$158M","http://www.linkedin.com/company/oqc","oxfordquantumcircuits.com","Tech Services",412,,," For Contacts and mobile phone number see lead411"
328492,999,,,"Mosaic Manufacturing","Toronto","CAN","ON",103,80,28.36,2014,"$29.2M","http://www.linkedin.com/company/mosaicmfg","mosaicmfg.com","3D",412,,," For Contacts and mobile phone number see lead411"
488862,1000,,,"Influur","Miami","United States","FL",121,94,28.72,2020,"$16.3M","http://www.linkedin.com/company/influur","influur.com","Marketing",412,,," For Contacts and mobile phone number see lead411"
1029097,1001,,,"Utila","New York City","IL","NY",39,28,40.74,,"$29.5M","http://www.linkedin.com/company/utila-io","utila.io","SaaS",412,,," For Contacts and mobile phone number see lead411"
373579,1002,,,"Storm Harvester","Lisburn",,,61,45,37.21,2015,"$13.4M","http://www.linkedin.com/company/stormharvester","stormharvester.com","Tech Services",412,,," For Contacts and mobile phone number see lead411"
