Rank,Name,website,Country,Sector,Absolute growth rate (%),Compound annual growth rate (%),Revenue 2024 (€),Revenue 2021 (€),Employees 2024,Employees 2021,Founding year,linkedin_company_profile
942,3 Plus Solutions,3plus.solutions,Germany,Advertising & Marketing,68.7,19.1,"2,799,309","1,659,097",22,12,2018,
745,Ad'S Up Consulting,ads-up.fr,France,Advertising & Marketing,103.3,26.7,"27,991,060","13,766,000",139,121,2012,https://www.linkedin.com/company/ads-up-consulting/?originalSubdomain=fr
844,Agence Cohérence,agence-coherence.fr,France,Advertising & Marketing,84.3,22.6,"11,522,310","6,253,784",61,46,2012,https://fr.linkedin.com/company/agencecoherence
578,Agence Panenka,agence-panenka.com,France,Advertising & Marketing,153,36.3,"6,571,970","2,597,422",10,5,2012,https://uk.linkedin.com/company/panenkasheffield
89,alerabat.com,alerabat.com,Poland,Advertising & Marketing,955.3,119.3,27830803,2452526,35,27,2015,https://www.linkedin.com/company/alerabat.com-sp.-z-o.o.
595,ALH Consulting,alhconsulting.hu,Hungary,Advertising & Marketing,145,34.8,"1,634,968","743,685",2,1,2015,https://www.linkedin.com/company/alh-consulting-kft
211,BeInfluence Europe,beinfluence.eu,Belgium,Advertising & Marketing,436.3,75,6521488,1215986,40,8,2019,https://be.linkedin.com/company/beinfluence
629,Billion Dollar Boy,billiondollarboy.com,UK,Advertising & Marketing,130.6,32.1,"32,419,640","13,875,476",155,74,2014,https://www.linkedin.com/company/billion-dollar-boy
538,Buster,buster.fr,France,Advertising & Marketing,162.5,38,"1,544,196","588,249",4,2,2012,https://fr.linkedin.com/company/buster-fr
61,Buzzcube,buzzcube.io,UK,Advertising & Marketing,1367.9,144.9,3223058,216668,2,1,2019,
353,Content Ignite,contentignite.com,UK,Advertising & Marketing,271.4,54.9,"9,461,247","2,513,550",12,2,2014,https://uk.linkedin.com/company/contentignite
838,Digital Angels,digitalangels.com,Italy,Advertising & Marketing,85.9,23,"16,200,424","8,716,352",84,57,2007,https://www.linkedin.com/company/digitalangels/
834,Digital Masters,digital-masters.de,Germany,Advertising & Marketing,86.5,23.1,"7,626,727","4,089,105",72,32,2016,
28,Evolution Engineers,evolution-engineers.com,UK,Advertising & Marketing,2621.3,200.8,4062643,147318,6,2,2019,https://uk.linkedin.com/company/evolution-engineers
321,femtasy,femtasy.com,Germany,Advertising & Marketing,292.5,57.8,"8,337,568","2,124,036",35,14,2018,
446,Funnel,funnel.io,Sweden,Advertising & Marketing,206.1,45.2,"46,721,005","17,061,647",329,228,2014,https://www.linkedin.com/company/funnel-io
408,Gambling.com Group,gdcgroup.com,Ireland,Advertising & Marketing,228.7,48.7,"117,612,000","35,783,000",518,179,2006,https://www.linkedin.com/company/gambling-com-group
954,Genius And Co,geniusandco.fr,France,Advertising & Marketing,66.7,18.6,"6,842,142","4,104,301",15,15,2003,https://www.linkedin.com/company/genius-&-co
648,Grizzly New Marketing,grizzlymarketing.be,Belgium,Advertising & Marketing,127.2,31.5,"3,951,185","1,738,904",33,28,2010,https://www.linkedin.com/company/grizzlynewmarketinginc
573,Groupe Ceetadel,ceetadel.com,France,Advertising & Marketing,154.4,36.5,"22,340,000","8,780,000",218,103,2003,https://www.linkedin.com/company/allmatik/
549,Hermann Scherer,hermannscherer.com,Germany,Advertising & Marketing,159.7,37.5,"12,978,000","4,997,000",27,35,2018,https://www.linkedin.com/company/hermannscherer
109,IMG: Intermedia Global,intermedia-global.com,UK,Advertising & Marketing,812.6,109,16332703,1766078,44,13,2003,https://uk.linkedin.com/company/intermedia-global-limited
145,Iron Media,ecomscaling.org,Germany,Advertising & Marketing,659.9,96.6,7543100,992708,3,1,2021,https://www.linkedin.com/company/iron-media-ecom/
430,Logando,logando.de,Germany,Advertising & Marketing,217.1,46.9,"7,697,508","2,427,460",45,43,2013,
696,Magnitude,magnitude.fr,France,Advertising & Marketing,112.2,28.5,"5,024,743","2,367,617",50,28,2018,https://fr.linkedin.com/company/magnitude
576,Mawave,mawave.com,Germany,Advertising & Marketing,153.3,36.3,"8,442,955","3,333,520",122,23,2018,https://www.linkedin.com/company/mawave-marketing/
91,MC Media,mc-media.de,Germany,Advertising & Marketing,942.7,118.5,1831893,175689,11,1,2018,https://www.linkedin.com/company/mcgroupglobal
421,Miroma Group,miromagroup.com,UK,Advertising & Marketing,224.9,48.1,"332,456,538","100,987,879",757,188,2003,https://www.linkedin.com/company/miromagroup
497,Mirror,mirror.it,Italy,Advertising & Marketing,182.2,41.3,"6,007,070","2,128,837",43,13,2011,https://it.linkedin.com/company/mirrordigitalagency
663,Monogrid,monogrid.com,Italy,Advertising & Marketing,120.4,30.1,"5,344,973","2,424,803",55,18,2016,https://au.linkedin.com/company/monogrid?trk=similar-pages_result-card_full-click
554,Newu,newu.it,Italy,Advertising & Marketing,158.6,37.3,"2,594,556","1,003,173",6,1,2019,https://www.linkedin.com/company/newu/
897,On Ze Air,onzeair.com,France,Advertising & Marketing,75.6,20.7,"4,345,676","2,474,527",42,31,2014,
456,Open Partners,open.partners,UK,Advertising & Marketing,202.4,44.6,"65,018,644","21,216,579",137,63,2017,https://uk.linkedin.com/company/openpartnersagency
368,Orange Click Media,orangeclickmedia.com,UK,Advertising & Marketing,253.3,52.3,"33,115,511","9,372,211",55,28,2014,https://uk.linkedin.com/company/ocm-digital-media
25,Pathos Communications,payonresultspr.com,UK,Advertising & Marketing,2841.9,208.7,10763663,361045,52,20,2019,https://www.linkedin.com/company/pathos-communications
681,Pirene,pirene.it,Italy,Advertising & Marketing,116.4,29.4,"6,501,242","3,004,226",140,12,1999,https://www.linkedin.com/company/pirene-italy
255,PromoXL,promo-xl.com,Netherlands,Advertising & Marketing,362.4,66.6,"2,896,597","626,368",7,3,2020,
369,Proxi.cloud,proxi.cloud,Poland,Advertising & Marketing,253.1,52.3,"1,881,837","495,588",25,12,2017,
347,Refinery89,refinery89.com,Netherlands,Advertising & Marketing,275.5,55.4,"29,721,000","7,915,000",59,15,2018,
35,SC Media House,sc-mediahouse.com,Germany,Advertising & Marketing,2210.1,184.8,6181762,267592,28,11,2020,https://www.linkedin.com/company/sc-media-group-llc
329,Sensational,sensational.marketing,Germany,Advertising & Marketing,288.2,57.2,"2,132,050","549,200",26,10,2010,
484,ShopForward,shopforward.eu,Netherlands,Advertising & Marketing,188.5,42.4,"11,754,114","4,073,595",22,7,2018,https://www.linkedin.com/company/shopforward/
816,Soldats Films,soldats.paris,France,Advertising & Marketing,89.9,23.8,"7,205,427","3,794,843",8,14,2012,https://fr.linkedin.com/company/soldatsparis
382,Sparteo,corporate.sparteo.com,France,Advertising & Marketing,241.5,50.6,"37,518,621","10,987,363",110,44,2016,https://in.linkedin.com/company/sparteo?trk=ppro_cprof
507,Stampasi,stampasi.it,Italy,Advertising & Marketing,175.1,40.1,"12,256,478","4,454,957",12,11,2017,
392,The Orange Studio,theorangestudio.com,Netherlands,Advertising & Marketing,237.9,50.1,"1,739,525","514,880",26,9,2013,https://www.linkedin.com/company/theorangestudio/
473,Tikato (discoup),discoup.com,Italy,Advertising & Marketing,193,43.1,"8,842,603","3,018,198",39,13,2013,https://www.linkedin.com/company/discoup
272,Vidoser (CreationDose),creationdose.com,Italy,Advertising & Marketing,342.8,64.2,"4,054,644","915,659",54,23,2018,https://www.linkedin.com/company/vidosercommunity/
280,WeDiscover,we-discover.com,UK,Advertising & Marketing,335.8,63.3,"4,378,936","991,591",43,8,2020,https://uk.linkedin.com/company/we-discover
605,Woodrow,woodrowcommunications.com,UK,Advertising & Marketing,138.4,33.6,"4,123,335","1,707,124",31,16,2020,https://uk.linkedin.com/company/woodrowcommunications
387,Words+Pixels,wordsandpixels.co,UK,Advertising & Marketing,240.2,50.4,"3,077,739","892,761",25,10,2020,https://uk.linkedin.com/company/wordsandpixels
703,Zanatta,zanatta.de,Germany,Advertising & Marketing,110.6,28.2,"20,329,367","9,651,512",18,12,2011,https://de.linkedin.com/company/zanatta-media
502,Air Support,airsupport-mro.com,France,Aerospace & Defence,178.7,40.7,"61,478,692","22,057,606",151,96,1992,https://fr.linkedin.com/company/airsupport-mro
39,Anzen Engineering,anzenengineering.com,Spain,Aerospace & Defence,2044.8,177.8,4251768,198232,45,6,2019,https://www.linkedin.com/company/anzen-engineering
159,Bravo Beveiliging,bravobeveiliging.nl,Netherlands,Aerospace & Defence,587.7,90.2,2153007,313087,193,37,2018,https://nl.linkedin.com/company/bravo-beveiliging-b-v
289,Delair,delair.aero,France,Aerospace & Defence,324.9,62,"28,100,258","6,612,989",90,25,2011,https://www.linkedin.com/company/delair-tech/
949,Factem,factem.com,France,Aerospace & Defence,67.5,18.8,"16,924,018","10,102,618",74,55,2011,
135,Orqa FPV,orqafpv.com,Croatia,Aerospace & Defence,710.7,100.9,12225789,1507971,110,35,2018,
196,Rowden,rowdentech.com,UK,Aerospace & Defence,480.3,79.7,23963284,4074607,90,40,2016,https://uk.linkedin.com/company/rowden
216,Sentry Aerospares,sentry.aero,UK,Aerospace & Defence,427.6,74.1,230672827,40103302,59,21,2000,https://uk.linkedin.com/company/sentry-aerospares
279,Theon,theon.com,Cyprus,Aerospace & Defence,337.4,63.5,"352,364,019","80,561,000",684,346,1997,https://www.linkedin.com/company/theon-international
837,Rairies Montrieux,rairies.com,France,"Agriculture, Forestry & Fishing",85.9,23,"19,736,627","10,616,885",133,81,1900,
528,Ninesquared,ninesquared.team,Italy,Apparel & Fashion,167.5,38.8,"2,455,991","918,155",12,3,2017,https://www.linkedin.com/company/ninesquaredvolleyball/
852,Rifo,rifo-lab.com,Italy,Apparel & Fashion,82.8,22.3,"3,385,304","1,852,074",22,11,2018,
181,Undress Code,undress-code.com,Poland,Apparel & Fashion,508.3,82.5,2935097,448731,14,5,2015,
651,APF Autoparts,apfautoparts.com,Belgium,Automotive,126.1,31.3,"199,005,377","88,010,026",213,131,1999,https://be.linkedin.com/company/apf-autoparts
10,APP Auto Pflege Partner,autopflegepartner.de,Germany,Automotive,6081.1,295.4,9973184,161351,32,8,2018,https://de.linkedin.com/company/autopflegepartner
974,Autel Karnetic,autel.uk,UK,Automotive,63.3,17.8,"17,220,107","10,406,040",11,9,2015,https://uk.linkedin.com/company/karnetic-limited
650,Autoeasy,autoeasy.fr,France,Automotive,126.5,31.3,"5,818,498","2,569,121",8,4,2011,https://fr.linkedin.com/company/autoeasy
218,CPM,cpmgruppe.de,Germany,Automotive,422.4,73.5,3399056,650687,22,4,2015,
481,Fix Auto Leicester,fixauto.com,UK,Automotive,189.3,42.5,"6,736,512","2,297,502",33,25,2017,https://uk.linkedin.com/company/fix-auto-leicester
678,Glass Express,glass-express.fr,France,Automotive,117.4,29.5,"20,844,510","9,590,148",189,108,2013,https://www.linkedin.com/company/glass-express-france/
375,Langhammer,langhammer.gmbh,Germany,Automotive,248.3,51.6,"4,891,567","1,404,594",24,9,2018,
736,Looping.com,looping.com,Netherlands,Automotive,104.2,26.9,"4,929,996","2,414,843",36,15,2019,
424,Markus Kraska Automobile,kraska-automobile.de,Germany,Automotive,223.4,47.9,"31,941,287","9,878,177",22,5,2015,
64,Mevas Auto,mevas-auto.ro,Romania,Automotive,1311.7,141.7,4137175,294559,32,32,2003,https://www.linkedin.com/company/doctortesla
770,Niese Caravan,niese-caravan.de,Germany,Automotive,98.6,25.7,"21,847,408","11,003,229",46,26,1974,
787,OBDeleven,obdeleven.com,Lithuania,Automotive,94.8,24.9,"15,353,560","7,881,443",77,43,2014,https://lt.linkedin.com/company/obdeleven
23,Rebil,rebil.no,Norway,Automotive,2973.1,213.2,45357500,1742823,48,2,2020,
390,Vanaways,vanaways.co.uk,UK,Automotive,239.4,50.3,"131,673,461","38,285,486",64,16,2015,https://uk.linkedin.com/company/vanaways
362,Cansativa Group,cansativa.de,Germany,Chemicals,259.4,53.2,"35,156,731","9,783,344",52,16,2017,
742,Fermentalg,fermentalg.com,France,Chemicals,103.6,26.7,"11,496,884","5,646,991",62,64,2009,
990,Hammonia Oleo,hammonia-oleo.com,Germany,Chemicals,61.2,17.3,"20,589,299","12,771,405",15,10,2017,https://de.linkedin.com/company/hammonia-oleochemicals-gmbh
899,Labmix24,labmix24.com,Germany,Chemicals,75.4,20.6,"10,266,000","5,853,000",25,20,2014,https://www.linkedin.com/company/labmix24/
856,PharmaSGP,pharmasgp.com,Germany,Chemicals,81.9,22.1,"118,837,000","65,344,000",104,75,2009,
584,3D Modular,3dmodular.com,Spain,Construction & Engineering,150.6,35.8,"2,808,089","1,120,450",14,5,2020,
633,Accaeffe Building Solutions,accaeffe.it,Italy,Construction & Engineering,129.3,31.9,"7,420,807","3,237,045",21,12,2012,
563,Aep Global,aep-global.com,UK,Construction & Engineering,156.8,36.9,"5,731,666","2,202,859",4,0,2019,https://uk.linkedin.com/company/aep-global
588,Amexbois,amexbois.fr,France,Construction & Engineering,148.1,35.4,"7,324,755","2,952,160",44,15,2007,https://www.linkedin.com/company/amexbois
983,Appkeep,appkeep.it,Italy,Construction & Engineering,61.6,17.4,"3,887,705","2,405,130",16,18,2016,
773,Archiplan,archiplan-srl.it,Italy,Construction & Engineering,97.9,25.5,"6,602,538","3,337,095",16,11,1996,
963,Artec Electro,artec-groupe.eu,France,Construction & Engineering,64.6,18.1,"6,391,187","3,883,777",32,23,2008,https://www.linkedin.com/company/artec-energie
490,Betsa,betsa.de,Germany,Construction & Engineering,185.7,41.9,"2,441,314","854,504",15,5,2020,https://uk.linkedin.com/company/besa-group
258,Boetker Metall + Glas,boetker.de,Germany,Construction & Engineering,360.3,66.4,"13,352,727","2,900,918",47,43,2017,https://de.linkedin.com/company/boetker-metall-glas-gmbh-co-kg
988,Celfy,celfy.fr,France,Construction & Engineering,61.4,17.3,"40,448,838","25,065,282",265,175,1965,https://fr.linkedin.com/company/celfy
842,CLM Fireproofing,clmfireproofing.com,UK,Construction & Engineering,85.2,22.8,"33,106,921","17,638,676",60,30,2002,https://uk.linkedin.com/company/clm-fireproofing
891,Codenor,codenor.net,Spain,Construction & Engineering,76.2,20.8,"16,320,652","9,262,087",25,23,2010,
721,Concept Surmesure,sicep.fr,France,Construction & Engineering,107,27.5,"3,220,255","1,555,610",2,2,2012,https://www.linkedin.com/company/concept-&-structure
403,Consorzio Agoraa,agoraa.it,Italy,Construction & Engineering,230.9,49,"56,261,378","17,003,819",29,17,2011,
603,CTBI,ctbi-batiment.com,France,Construction & Engineering,139.7,33.8,"9,999,881","4,172,736",70,41,2013,https://au.linkedin.com/company/ctbi
183,Cube Design,cubedesign.ba,Bosnia & Herzegovina,Construction & Engineering,502,81.9,3175423,527481,10,6,2014,https://ba.linkedin.com/company/cube-design-sarajevo
966,Deurenspecialist Maree,simonmaree.nl,Netherlands,Construction & Engineering,64.4,18,"5,698,612","3,467,188",11,6,2004,
317,Di Remigio Costruzioni,diremigiocostruzioni.it,Italy,Construction & Engineering,295.2,58.1,"3,348,252","847,212",32,14,2006,https://it.linkedin.com/company/diremigiocostruzionisrl
848,Dip Ascenseurs,dipascenseurs.fr,France,Construction & Engineering,83.7,22.5,"6,697,700","3,646,420",46,26,2009,https://www.linkedin.com/company/dip-ascenseurs-fermetures-et-mobilite
560,Domum-Bau,domum-bau.com,Germany,Construction & Engineering,157.5,37.1,"9,912,024","3,850,034",13,8,2017,
294,ECES,eces.fr,France,Construction & Engineering,316.8,60.9,"3,087,478","740,681",10,5,2014,
9,Eco Simplified,ecosimplified.co.uk,UK,Construction & Engineering,7045.3,315,41981284,579773,15,7,2019,https://uk.linkedin.com/company/eco-simplified
923,Ehlers Garten- und Landschaftsbau,ehlers-gartenbau.de,Germany,Construction & Engineering,71.6,19.7,"2,250,221","1,311,349",42,26,1950,
249,Elk,elk.nl,Netherlands,Construction & Engineering,366,67,273658000,58724177,620,192,2000,https://www.linkedin.com/company/elk-development
713,E-NG,e-ng.de,Germany,Construction & Engineering,108.7,27.8,"8,504,000","4,074,100",5,4,2014,https://www.linkedin.com/company/eng-bauen-recruitment
614,Ets Merat,merat-plomberie-climatisation.fr,France,Construction & Engineering,135.9,33.1,"3,065,227","1,299,361",17,12,1981,https://www.linkedin.com/company/ets-merat/
513,Fenêtres Fermetures Du Doubs,fenetresfermeturesdudoubs.com,France,Construction & Engineering,173.1,39.8,"3,596,788","1,317,104",20,16,2010,https://www.linkedin.com/company/fenetres-fermetures-du-doubs
877,Filva,filvasrl.it,Italy,Construction & Engineering,77.8,21.2,"13,178,965","7,412,391",19,13,2009,https://www.linkedin.com/company/filva/
639,Freundeskreis Gruppe,freundeskreis-gruppe.de,Germany,Construction & Engineering,128.5,31.7,"19,358,000","8,471,000",12,4,2019,
354,Global Commissioning,global-cxm.com,UK,Construction & Engineering,271.4,54.9,"18,821,775","5,001,316",60,28,2019,https://uk.linkedin.com/company/global-commissioning
34,Guerri,guerrigroup.it,Italy,Construction & Engineering,2241.2,186.1,202710650,8658422,77,1,2014,
586,Herold GaLa Bau,heroldgalabau.de,Germany,Construction & Engineering,149,35.5,"21,010,186","8,439,591",140,30,1985,
704,Horizon Technology Group,horizontg.com,Italy,Construction & Engineering,110.1,28.1,"9,342,861","4,447,357",35,18,2014,https://uk.linkedin.com/company/horizonconstruction
735,Hydro Pipe Solutions (HPS),hydropipesolutions.com,France,Construction & Engineering,104.4,26.9,"9,239,704","4,519,808",5,3,2020,https://fr.linkedin.com/company/hydro-pipe-solutions
617,I.CO.P. S.p.A. Società Benefit,icop.it,Italy,Construction & Engineering,134.1,32.8,"187,241,627","79,973,064",373,263,1973,https://www.linkedin.com/company/icop-spa-societa-benefit
46,Infisud,infisud.it,Italy,Construction & Engineering,1821.6,167.9,33284342,1732089,39,34,1983,https://do.linkedin.com/company/infisud-s.r.l.
188,ING2K,ing2k.com,France,Construction & Engineering,494.5,81.2,70620657,11878845,11,6,2016,
677,Ingenierie bois noroy (IBN),ingenierie-bois-noroy.fr,France,Construction & Engineering,117.7,29.6,"4,312,767","1,981,293",18,13,2013,
759,Iteco,iteco.fr,France,Construction & Engineering,101.2,26.2,"41,576,363","20,668,254",11,9,1981,
88,Jackson Remediation,jacksonremediation.co.uk,UK,Construction & Engineering,963.1,119.9,3734614,346648,7,4,2019,https://uk.linkedin.com/company/jackson-remediation
74,Kleidi,kleidi.fr,France,Construction & Engineering,1101.2,129,21935635,1826225,8,2,2019,
63,KMBS,kmbs-gmbh.de,Germany,Construction & Engineering,1342.2,143.4,6780455,470158,25,4,2021,
913,Koesea Gruppe,koesea-gruppe.com,Germany,Construction & Engineering,73.1,20.1,"4,500,000","2,600,000",62,26,2016,
901,Laqueste Et Alessi,pagesjaunes.fr,France,Construction & Engineering,74.9,20.5,"3,999,859","2,286,712",21,19,1955,
393,LG Industriebauservice,lg-industriebau.de,Germany,Construction & Engineering,237.8,50,"60,884,000","18,025,000",65,73,2010,
904,Luka Kältetechnik,luka.biz,Germany,Construction & Engineering,74.1,20.3,"5,966,057","3,427,524",29,26,2000,https://www.linkedin.com/company/luka-k%C3%A4lte--klimatechnik-gmbh
889,Macev,flo.uri.sh,France,Construction & Engineering,76.6,20.9,"6,180,000","3,500,000",20,20,1999,
971,Maison Roches,maisonroches.com,France,Construction & Engineering,63.7,17.9,"47,535,165","29,035,911",246,166,1936,https://www.linkedin.com/company/maisonroches
265,MK Augsburg,mk-color.de,Germany,Construction & Engineering,355.1,65.7,"14,455,383","3,176,632",105,33,2017,
602,Mühmel,elektro-muehmel.de,Germany,Construction & Engineering,141.4,34.2,"7,416,274","3,072,046",34,38,2011,
792,Münsterland Plus,muensterlandplus.de,Germany,Construction & Engineering,94.2,24.8,"8,100,000","4,170,236",63,55,2011,
714,Obel Natursteine,obel-natursteine.de,Germany,Construction & Engineering,108.2,27.7,"5,203,000","2,499,576",23,21,2010,https://www.linkedin.com/company/obel-natursteine-gmbh
788,OCM Exploitation,ocm-exploitation.com,France,Construction & Engineering,94.7,24.9,"5,718,041","2,936,678",20,14,2015,
987,Osinski,osinski-galabau.de,Germany,Construction & Engineering,61.5,17.3,"2,199,000","1,362,000",20,15,2012,
623,Ph Services,phs-sas.fr,France,Construction & Engineering,132.9,32.5,"2,536,163","1,089,201",15,10,2012,https://www.linkedin.com/company/ph-construction
893,Pillar Consulting,pillarconsulting.com,UK,Construction & Engineering,75.9,20.7,"3,103,066","1,741,086",14,8,2018,https://uk.linkedin.com/company/pillarconsulting
1000,Powertherm Contract Services,powertherm.co.uk,UK,Construction & Engineering,60,17,"37,856,352","23,351,425",293,233,1989,https://uk.linkedin.com/company/powerthermcs
475,R&K Ingenieure,rki-holding.de,Germany,Construction & Engineering,192.5,43,"19,950,847","6,819,843",67,35,2016,
346,Revizto,revizto.com,Switzerland,Construction & Engineering,276.6,55.6,"38,791,029","9,447,289",200,67,2008,https://www.linkedin.com/company/revizto
86,Safer Roadworks,safer-roadworks.co.uk,UK,Construction & Engineering,969.6,120.3,17966689,1657521,363,30,2021,https://uk.linkedin.com/company/safer-roadworks-limited
302,Saico,saicosrl.com,Italy,Construction & Engineering,309.6,60,"24,476,057","5,975,789",36,27,2013,https://ir.linkedin.com/company/saico?trk=ppro_cprof
625,SATROtec,satrotec.de,Germany,Construction & Engineering,132.8,32.5,"2,281,584","980,118",32,19,2011,
632,Scheumar Baumanufaktur,scheumar.de,Germany,Construction & Engineering,129.4,31.9,"6,072,872","2,647,836",36,29,2008,
326,Schmabo,schmabo.de,Germany,Construction & Engineering,291.1,57.6,"7,900,000","2,020,000",37,5,2010,
883,Schwegler Solutions,schwegler-solutions.com,Germany,Construction & Engineering,77.1,21,"9,350,000","5,281,000",37,35,2009,
593,Seingim,seingim.it,Italy,Construction & Engineering,145.1,34.8,"44,441,038","18,134,646",420,228,1999,https://sa.linkedin.com/company/seingim-global-services-for-projects-engineering-l-l-c
425,Sertec Engineering Consulting,sertec-engineering.com,Italy,Construction & Engineering,222.6,47.8,"5,802,961","1,798,723",25,13,1968,https://www.linkedin.com/company/sertec-engineering-consulting/
655,Speri,sperispa.com,Italy,Construction & Engineering,124.1,30.9,"31,035,269","13,847,303",57,16,1974,https://it.linkedin.com/company/speri-architecture-engineering
777,Stadtgrün Ruhr,stadtgruen.ruhr,Germany,Construction & Engineering,96.8,25.3,"9,085,224","4,616,027",50,38,2016,
862,Storingservice.nl,storingservice.nl,Netherlands,Construction & Engineering,81,21.9,"4,571,351","2,525,129",4,0,2016,
706,Strotmann Baustoffe,strotmann-baustoffe.de,Germany,Construction & Engineering,109.6,28,"4,816,228","2,298,147",32,15,1967,
622,SVS,svs-srl.com,Italy,Construction & Engineering,133.1,32.6,"42,523,567","18,244,497",24,19,2016,https://in.linkedin.com/company/svs-construction
847,Tecnologie Edili,tecnologiedili.it,Italy,Construction & Engineering,83.8,22.5,"2,484,444","1,351,771",17,11,2008,
887,Vennes,vennes.eu,Germany,Construction & Engineering,76.8,20.9,"36,057,108","20,394,076",79,64,1993,
495,Vey Versorgungstechnik,vey.koeln,Germany,Construction & Engineering,183.4,41.5,"11,530,327","4,067,972",85,40,1955,
431,VST Fire Solutions,vst-fs.nl,Netherlands,Construction & Engineering,216.1,46.8,"28,062,573","8,878,784",5,4,2019,
822,247Group,247group.de,Germany,Ecommerce,89.2,23.7,"12,793,332","6,761,255",35,20,2016,https://de.linkedin.com/company/247group-gmbh
236,3PW,3pwcommerce.com,Italy,Ecommerce,380,68.7,4581931,954612,14,6,2017,https://it.linkedin.com/company/3pwcommerce
482,Agryco,agryco.com,France,Ecommerce,188.9,42.4,"113,501,470","39,291,030",124,88,2014,
232,Alleop,alleop.bg,Bulgaria,Ecommerce,395.8,70.5,7519406,1516500,28,10,2019,https://cr.linkedin.com/company/careers.alleop.com
653,Arebos,arebos.de,Germany,Ecommerce,125.5,31.1,"83,340,108","36,964,848",31,27,2019,https://cn.linkedin.com/company/canbolat-vertriebsgesellschaft-mbh
870,Bandel,bandel-online.de,Germany,Ecommerce,79.3,21.5,"151,796,261","84,651,716",106,106,2007,
444,Baroni Home,baronihome.it,Italy,Ecommerce,207,45.3,"11,951,426","3,892,754",1,1,2016,
7,bedrop,bedrop.de,Germany,Ecommerce,8600.2,343.1,17756665,204095,7,2,2021,
687,Bizay,bizay.co.uk,Portugal,Ecommerce,114.5,29,"53,200,000","24,800,000",215,155,2011,https://www.linkedin.com/company/bizay
524,Calicantus,calicant.us,Italy,Ecommerce,169.7,39.2,"27,422,000","10,167,602",31,25,2007,
754,Chefstore.nl,chefstore.nl,Netherlands,Ecommerce,102.4,26.5,"5,559,394","2,746,390",6,1,2017,
950,Clos & Monopole,closandmonopole.com,France,Ecommerce,67.5,18.8,"5,499,162","3,284,102",12,5,2017,
47,Coast Commerce,nextcover.com,Germany,Ecommerce,1801.1,166.9,6164913,324281,4,1,2021,
365,Comfort Click,comfortclick.co.uk,UK,Ecommerce,255.1,52.6,"102,021,100","28,348,938",158,8,2005,https://uk.linkedin.com/company/comfort.click
201,Cybertec24,flo.uri.sh,Germany,Ecommerce,469.6,78.6,7115006,1249121,4,3,2020,
81,Dalfilo,dalfilo.com,Italy,Ecommerce,1003.6,122.6,8912026,807510,20,7,2020,https://www.linkedin.com/company/dalfilo
172,Distrilink,distrilink.be,Belgium,Ecommerce,540.9,85.8,3830408,597711,12,3,2019,
202,Donkid,corporatedonkid.lovable.app,Italy,Ecommerce,468.7,78.5,2393973,420973,3,1,2018,
972,eatventure,eatventure.de,Germany,Ecommerce,63.7,17.9,"2,264,965","1,383,700",14,8,2016,https://www.linkedin.com/company/eatventure-de
219,Edubily,edubily.de,Germany,Ecommerce,419.3,73.2,15136000,2915000,26,6,2015,
700,eu-bay Commerce,eu-bay.de,Germany,Ecommerce,111.7,28.4,"18,655,462","8,810,499",64,32,2003,https://ca.linkedin.com/company/eu-bay-elektronik
801,HD casa,hdcasa.it,Italy,Ecommerce,92.3,24.3,"3,714,911","1,932,347",4,0,2018,
1,Healf,healf.com,UK,Ecommerce,37496.3,621.7,48257914,126663,40,1,2020,https://uk.linkedin.com/company/healf
582,IBO International Brands Online,international-brands-online.com,Germany,Ecommerce,150.9,35.9,"4,540,601","1,810,020",19,7,2015,
470,IPLN,ipln.fr,France,Ecommerce,194.8,43.4,"17,967,870","6,094,791",16,8,1957,https://www.linkedin.com/company/iplnfr
698,Jenolite,jenolite.com,UK,Ecommerce,112.1,28.5,"9,137,683","4,251,655",11,3,2013,
876,Jurassic Fruit,jurassicfruit.com,Germany,Ecommerce,77.9,21.2,"4,864,786","2,735,162",70,40,2015,https://www.linkedin.com/company/jurassic-fruit
36,Just Russel,justrussel.com,Belgium,Ecommerce,2132.3,181.6,26806272,1200827,70,5,2020,
251,Kinga Mathe,tracht-a-porter.com,Germany,Ecommerce,363.4,66.7,"6,213,446","1,340,800",22,4,2008,
468,leddiretto.it,leddiretto.it,Italy,Ecommerce,195.7,43.5,"12,992,415","4,394,061",18,7,2015,
185,Löwenanteil,loewenanteil.com,Germany,Ecommerce,499,81.6,19829200,3310625,27,3,2017,
618,Maison De La Soie,maisondelasoie.com,France,Ecommerce,134.1,32.8,"2,975,953","1,271,152",6,2,2012,https://fr.linkedin.com/company/maison-de-la-soie
525,MissPompadour,misspompadour.com,Germany,Ecommerce,169.5,39.2,"17,206,624","6,384,549",110,25,2019,
68,Moonwards,moonwards.de,Germany,Ecommerce,1193.8,134.8,7157691,553214,5,2,2018,
384,MoreToTrade,moretotrade.it,Italy,Ecommerce,241.1,50.5,"4,157,319","1,218,752",11,6,2014,https://www.linkedin.com/company/moretotrade-srl/?viewAsMember=true
740,MPB Group,mpb.com,UK,Ecommerce,103.8,26.8,"240,373,159","116,381,419",506,349,2011,https://uk.linkedin.com/company/mpbcom
557,my Boo,my-boo.de,Germany,Ecommerce,158.4,37.2,"19,601,850","7,585,315",104,57,2013,
545,NCM Auctions & Asset Management,ncmauctions.co.uk,UK,Ecommerce,160.3,37.6,"11,352,787","4,304,538",20,9,2012,https://uk.linkedin.com/company/ncm-asset-mangement-&-auctioneers
334,Online-Phones 24,flo.uri.sh,Germany,Ecommerce,286.4,56.9,"48,932,158","12,663,861",16,14,2018,
799,Parama,paramashop.it,Italy,Ecommerce,92.4,24.4,"9,653,758","5,018,742",27,3,2020,https://www.linkedin.com/company/paramasrl
72,PureXtracts,purextracts.co.uk,UK,Ecommerce,1139.9,131.5,2772141,220626,5,5,2018,
811,Rhein-Sani,markt-bau.de,Germany,Ecommerce,90.9,24,"10,587,496","5,547,668",28,8,2016,
364,Sayano,sayano.de,Germany,Ecommerce,256.2,52.7,"9,612,624","2,699,038",13,3,2017,https://se.linkedin.com/company/sayano?trk=similar-pages_result-card_full-click
118,Shapen,shapenbarefoot.com,Slovakia,Ecommerce,778,106.3,3382368,385246,12,1,2018,
493,Spacefoot,spacefoot.com,France,Ecommerce,183.9,41.6,"70,120,884","24,700,154",171,106,2008,
274,Sparklers Club,sparklers-club.com,France,Ecommerce,342.5,64.2,"10,365,979","2,342,407",25,7,2015,
97,Steiger Naturals,steiger-naturals.de,Germany,Ecommerce,893.7,115,26396822,2656361,10,6,2016,
287,Störtebekker,stoertebekker.com,Germany,Ecommerce,326.8,62.2,"6,962,818","1,631,379",7,4,2018,
301,Web Al Chilo,webalchilo.it,Italy,Ecommerce,310,60.1,"15,417,227","3,760,472",24,13,2013,https://lu.linkedin.com/company/web-al-chilo-srl
281,Wux,wux.nl,Netherlands,Ecommerce,335.7,63.3,"1,532,851","351,836",24,3,2009,
885,Yocabe,yocabe.com,Italy,Ecommerce,77,21,"9,756,358","5,512,232",21,15,2016,https://www.linkedin.com/company/yocabe
459,AIHR,aihr.com,Netherlands,Education & Social Services,200.1,44.2,"15,226,559","5,074,238",98,42,2016,
291,Cambridge Spark,cambridgespark.com,UK,Education & Social Services,320.4,61.4,"22,377,064","5,253,041",143,38,2016,
861,Cipec International School,cipec.com,France,Education & Social Services,81.2,21.9,"1,878,208","1,036,773",24,16,2020,https://www.linkedin.com/company/cipec-international-school/
924,Completude,completude.com,France,Education & Social Services,71.3,19.7,"16,825,906","9,820,042",130,94,2001,https://www.linkedin.com/company/completude/
825,Dynamicom Education,dynamicom-education.it,Italy,Education & Social Services,88.7,23.6,"23,002,137","12,189,449",37,23,2001,https://it.linkedin.com/company/dynamicom-education-srl
344,Educ-Up,educ-up.fr,France,Education & Social Services,277.5,55.7,"6,534,907","1,731,040",157,49,2016,https://fr.linkedin.com/company/educ-up
270,Epicode Institute of Technology,epicode.com,Italy,Education & Social Services,345.7,64.6,"5,273,000","1,183,000",32,6,2020,
464,Equal Education,equal.education,UK,Education & Social Services,196.9,43.7,"4,198,384","1,395,438",15,10,2012,https://uk.linkedin.com/company/equal-education-uk
500,Erasmus Learning Academy,erasmuslearningacademy.eu,Italy,Education & Social Services,180.1,41,"1,954,524","697,851",4,3,2020,
504,Fluentbe,fluentbe.com,Poland,Education & Social Services,176.1,40.3,"6,062,376","2,042,083",20,2,2015,
649,Ifom,ifom.info,Italy,Education & Social Services,126.8,31.4,"2,221,499","979,549",8,5,2015,https://www.linkedin.com/company/istitute-for-training-emmployability-and-learning-mobility
853,Imaios,imaios.com,France,Education & Social Services,82.7,22.3,"4,635,225","2,537,280",35,27,2008,https://www.linkedin.com/company/imaios-sas
846,Kinougarde,kinougarde.com,France,Education & Social Services,83.9,22.5,"81,707,717","44,425,685","2,246","1,341",2010,https://www.linkedin.com/company/kinougarde/
161,Ouihelp,ouihelp.fr,France,Education & Social Services,582.8,89.7,35635363,5219053,419,141,2016,https://fr.linkedin.com/company/ouihelp.fr
156,Oxford Royale,oxford-royale.com,UK,Education & Social Services,606.7,91.9,19170759,2676718,38,79,2004,
151,Oxford Summer Courses,oxfordsummercourses.com,UK,Education & Social Services,633.1,94.3,15762795,2121631,33,27,2012,
176,Rocksteady Music School,rocksteadymusicschool.com,UK,Education & Social Services,526,84.3,26221579,4133690,448,217,2012,https://uk.linkedin.com/company/rocksteady-music-school
791,SA Formação,sa-formacao.pt,Portugal,Education & Social Services,94.2,24.8,"10,043,270","5,170,521",92,61,2009,https://uk.linkedin.com/company/sa-formacao
769,Skills Consulting,skills.it,Italy,Education & Social Services,98.7,25.7,"4,203,623","2,115,994",38,32,2013,
604,Superprof,superprof.fr,France,Education & Social Services,139.7,33.8,"41,626,349","17,369,878",137,112,2011,
75,U Lead,u-lead.it,Italy,Education & Social Services,1088.8,128.2,3030344,254911,33,9,2020,
126,Zen Educate,zeneducate.com,UK,Education & Social Services,752.1,104.3,81899393,9484271,341,89,2017,https://www.linkedin.com/company/zen-educate
227,81 klima,81klima.cz,Czech Republic,Electrical Manufacturing,410,72.1,10230574,2032223,25,10,2015,
380,btv technologies,btv-technologies.com,Germany,Electrical Manufacturing,242.3,50.7,"185,099,473","54,079,286",111,113,1997,https://www.linkedin.com/company/btv-technologies-gmbh
585,Climax Deutschland,climax.de,Germany,Electrical Manufacturing,150.1,35.7,"10,461,913","4,183,293",8,6,2005,https://www.linkedin.com/company/climax-deutschland
531,HG Medical,hg-medical.group,Germany,Electrical Manufacturing,166.4,38.6,"40,535,000","15,216,000",201,130,2007,https://www.linkedin.com/company/hg-medical-gmbh-usa
17,i-charging,i-charging.tech,Portugal,Electrical Manufacturing,3987.3,244.5,41096089,1005460,111,33,2019,https://www.linkedin.com/company/i-charging
613,Inova Semiconductors,inova-semiconductors.de,Germany,Electrical Manufacturing,136.1,33.2,"59,776,600","25,319,000",54,38,1999,https://www.linkedin.com/company/inova-semiconductors-gmbh/
774,IRS Systementwicklung,irs.systems,Germany,Electrical Manufacturing,97.7,25.5,"20,713,439","10,479,345",108,87,1998,https://de.linkedin.com/company/irssystems
52,Kalray,kalrayinc.com,France,Electrical Manufacturing,1605.6,157.4,24800000,1454000,225,150,2008,
133,Kempower Corporation,kempower.com,Finland,Electrical Manufacturing,717.5,101.5,223697200,27363000,786,136,2017,https://www.linkedin.com/company/kempower-corporation
246,Lammertz-Elektrotechnik,lammertz-elektrotechnik.de,Germany,Electrical Manufacturing,370.7,67.6,12937764,2748576,72,29,2018,
599,Merus Power,meruspower.com,Finland,Electrical Manufacturing,142.6,34.4,"35,833,967","14,770,437",117,51,2008,https://www.linkedin.com/company/merus-power
186,Moasure,moasure.co.uk,UK,Electrical Manufacturing,498.4,81.6,16783648,2767657,55,20,2014,
684,PICadvanced,picadvanced.com,Portugal,Electrical Manufacturing,115.2,29.1,"42,924,776","19,943,697",58,40,2014,https://www.linkedin.com/company/picadvanced/
658,Pik AG,pik.de,Germany,Electrical Manufacturing,122.7,30.6,"42,722,000","19,187,000",139,77,1991,https://de.linkedin.com/company/pik-ag
312,Prüfhelden,pruefhelden.de,Germany,Electrical Manufacturing,300.9,58.9,"2,066,744","515,552",25,3,2019,
832,Sikora,sikora.net,Germany,Electrical Manufacturing,87.2,23.3,"97,530,672","52,091,948",272,207,1973,
253,Wilson Power Solutions,wilsonpowersolutions.co.uk,UK,Electrical Manufacturing,363,66.7,"136,980,946","29,192,838",410,235,2021,https://uk.linkedin.com/company/wilson-power-solutions
818,365Werk,365werk.nl,Netherlands,Employment Services,89.5,23.7,"43,716,103","23,075,576",60,22,2013,
16,Apply Gateway,applygateway.io,UK,Employment Services,4048.5,246.2,9888249,235206,8,2,2017,https://www.linkedin.com/company/apply-gateway
690,Chemploy,chemploy.eu,Netherlands,Employment Services,113.3,28.7,"2,494,094","1,169,588",23,11,2015,https://be.linkedin.com/company/chemploy
708,comvaHRo,comvahro.de,Germany,Employment Services,109.2,27.9,"6,575,547","3,142,597",53,27,2016,
819,Coopemploi,coop-emploi.fr,France,Employment Services,89.4,23.7,"69,734,200","36,823,048","1,360",870,2016,https://fr.linkedin.com/company/coop-emploi
198,Extracadabra,extracadabra.com,France,Employment Services,474.3,79.1,23188977,4037860,67,32,2015,https://www.linkedin.com/company/extracadabra/
197,Finish Pack,finishpack.de,Germany,Employment Services,475.3,79.2,9821639,1707128,236,60,2017,
710,Freelance.com,freelance.com,France,Employment Services,108.9,27.8,"1,049,713,000","502,574,000",375,282,1991,https://www.linkedin.com/company/freelance/
823,Headfound,headfound.com,Germany,Employment Services,88.9,23.6,"9,384,614","4,969,141",62,19,2019,
488,Klemme Personalmanagement,klemme-personal.de,Germany,Employment Services,186.9,42.1,"31,428,724","10,953,793","1,184",404,2020,
359,La Belle Equipe,agence-labelleequipe.com,France,Employment Services,262.6,53.6,"6,324,000","1,744,000",110,18,2018,https://fr.linkedin.com/company/agence-la-belle-equipe
450,Linking Talents,linkingtalents.fr,France,Employment Services,204.5,44.9,"27,007,981","8,870,046",226,60,2007,https://www.linkedin.com/company/groupe-linking-talents/
831,Matchr,matchr.io,Netherlands,Employment Services,87.3,23.3,"2,626,620","1,402,115",31,20,2018,https://www.linkedin.com/company/matchr
376,Metric,metric-search.com,UK,Employment Services,246.4,51.3,"15,252,988","4,039,540",82,22,2019,https://www.linkedin.com/company/metric-search
19,NList,nlist.nl,Netherlands,Employment Services,3573,232.4,14995242,408258,15,3,2018,
756,Pro Contact Group,pro-contact.nl,Netherlands,Employment Services,101.8,26.4,"7,421,617","3,677,570",68,30,2012,https://www.linkedin.com/company/pro-contact-bv
669,QCS Staffing,qcsstaffing.com,UK,Employment Services,119.1,29.9,"159,342,923","71,776,583",119,78,1992,https://www.linkedin.com/company/qcs-staffing
15,Quantum Cooperative Hungary,qdiak.hu,Hungary,Employment Services,4187.8,250,7148445,185753,45,4,2020,
366,Sonas Technical,sonastechnical.com,Ireland,Employment Services,254,52.4,"2,307,560","651,898",10,10,2016,https://ie.linkedin.com/company/sonas-technical
682,Soorce,soorce.de,Germany,Employment Services,116.3,29.3,"64,402,467","29,776,000",340,150,2005,https://www.linkedin.com/company/soorce-gmbh/
935,Spendit,spendit.de,Germany,Employment Services,69.3,19.2,"8,382,868","4,950,497",76,50,2014,
420,Strato Personal,strato-personal.de,Germany,Employment Services,225.6,48.2,"15,618,500","4,797,000",174,94,2010,https://de.linkedin.com/company/stratopersonal-gmbh
747,Technix,technix.nl,Netherlands,Employment Services,103.2,26.7,"9,979,524","4,911,542",102,62,2015,https://fi.linkedin.com/company/technix-eindhoven
660,Valumen Groupe,valumen.com,France,Employment Services,121.5,30.4,"14,401,400","6,501,669",20,6,2015,
428,4 Energy,4-energy.it,Italy,Energy & Utilities,217.4,47,"7,300,148","2,300,177",4,3,2014,https://it.linkedin.com/company/4-energy-srl
264,A1 Solar,a1solar.hu,Hungary,Energy & Utilities,355.9,65.8,"7,855,191","1,919,908",13,9,2019,https://www.linkedin.com/company/a1solarstore
293,Acteam Enr,acteamenr.fr,France,Energy & Utilities,318.4,61.1,"30,422,350","7,270,403",38,10,2012,
397,Alba,albaimpianti.it,Italy,Energy & Utilities,235,49.6,"11,523,896","3,439,710",56,33,2010,https://www.linkedin.com/company/alba-soluzioni
296,Alliance Des Énergies,alliancedesenergies.fr,France,Energy & Utilities,313.5,60.5,"21,630,745","5,230,685",78,27,2020,https://www.linkedin.com/company/alliance-des-energies/
150,Antares Energia,antaresenergia.it,Italy,Energy & Utilities,633.6,94.3,38349523,5227542,13,8,2013,https://hk.linkedin.com/company/antares-energia-e-gas
70,Anyos,anyos.fr,France,Energy & Utilities,1180.5,134,1510563,117970,16,3,2019,https://fr.linkedin.com/company/anyosfr
443,Ares,cabinet-ares.com,France,Energy & Utilities,207.2,45.4,"37,129,387","12,085,848",56,48,2009,
240,Beratung Wink,beratung-wink.com,Germany,Energy & Utilities,378.4,68.5,5067812,1059363,19,18,1998,
940,Cargo,cargosrl.it,Italy,Energy & Utilities,68.9,19.1,"38,190,326","22,611,950",224,220,1984,
320,Clever,clever.dk,Denmark,Energy & Utilities,292.9,57.8,"206,448,819","52,698,483",345,136,2009,
12,ECOnnect Energy,econnectenergy.com,Norway,Energy & Utilities,5439.6,281.2,89962018,1917648,30,12,2012,https://no.linkedin.com/company/econnect-energy
591,energie+agrar,energieplusagrar.de,Germany,Energy & Utilities,146.1,35,"9,319,338","3,786,196",12,7,2018,
313,Energiekonzepte Deutschland,ekd-solar.de,Germany,Energy & Utilities,300,58.7,"280,000,000","70,000,000",366,34,2018,
121,Energies De Loire,energiesdeloire.com,France,Energy & Utilities,761.8,105,61242458,7106673,101,17,2018,https://www.linkedin.com/company/edl/life
416,Energy Bridge,energybridge.nl,Netherlands,Energy & Utilities,226.1,48.3,"3,691,000","1,132,000",15,6,2019,
31,ENERGYBubble,energybubble.co.uk,UK,Energy & Utilities,2377.3,191.5,2838237,113058,10,2,2021,
641,energysolutions24,energysolutions24.de,Germany,Energy & Utilities,127.9,31.6,"21,103,100","9,261,800",18,15,2008,https://de.linkedin.com/company/energysolutions24-gmbh
18,Enico,enico.fi,Finland,Energy & Utilities,3849.3,240.5,8889782,225100,11,2,2019,
757,Exceed,xcd.com,UK,Energy & Utilities,101.8,26.4,"34,339,950","16,792,022",84,52,2005,https://uk.linkedin.com/company/exceed-energy
575,Gesco,gesco.energy,Italy,Energy & Utilities,153.8,36.4,"26,834,174","10,573,503",56,37,2006,https://it.linkedin.com/company/gesco-spa
100,Grid & Co.,gridundco.de,Germany,Energy & Utilities,870.3,113.3,2940000,303000,6,3,2015,
351,Groupe Roy Énergie,gre-enr.fr,France,Energy & Utilities,272.9,55.1,"38,857,012","10,421,086",172,48,2016,
850,H2Air,h2air.fr,France,Energy & Utilities,83.3,22.4,"37,712,000","20,570,131",152,79,2008,
871,HoSt Group,host-group.com,Netherlands,Energy & Utilities,79.3,21.5,"152,988,408","85,349,608",550,200,1991,https://www.linkedin.com/company/host-bioenergy
611,Hydrogen-Refueling-Solutions (HRS),hydrogen-refueling-solutions.fr,France,Energy & Utilities,136.3,33.2,"24,780,000","10,488,273",163,78,2004,
542,ILF Consulting Engineers Germany,ilf.com,Germany,Energy & Utilities,160.9,37.7,"95,112,427","36,454,475",437,243,1967,https://ge.linkedin.com/company/ilf-consulting-engineers
93,International Energy Products,internationalenergyproducts.com,UK,Energy & Utilities,925.2,117.2,7945002,764711,15,6,2017,https://uk.linkedin.com/company/internationalenergyproducts
783,Italtekno,italtekno.com,Italy,Energy & Utilities,95.8,25.1,"2,793,100","1,426,299",7,2,2008,https://in.linkedin.com/company/italtecno-srl
244,Kecxwind,kecxwind.com,Netherlands,Energy & Utilities,374.5,68,3981047,839027,29,4,2017,
29,Lhyfe,lhyfe.com,France,Energy & Utilities,2488.3,195.8,5099000,197000,199,57,2019,
609,Maingau Energie,maingau-energie.de,Germany,Energy & Utilities,136.3,33.2,"1,278,592,765","541,083,060",360,204,1907,
164,Matrix Renewables,matrixrenewables.com,Spain,Energy & Utilities,567.5,88.3,61206757,8410665,127,40,2020,
881,Maxx Solar & Energie,maxx-solar.de,Germany,Energy & Utilities,77.2,21,"18,088,000","10,209,391",78,30,2008,
489,Menlo Electric,menloelectric.com,Poland,Energy & Utilities,186,41.9,"134,796,000","47,138,000",102,24,2020,
14,Milk the Sun,milkthesun.com,Germany,Energy & Utilities,4584,260.5,40037735,854770,35,6,2012,https://www.linkedin.com/company/milk-the-sun/
155,Millenergie,millenergie.eu,Italy,Energy & Utilities,611.3,92.3,1957209,275158,11,3,1988,
728,Mk Energies,mk-energies.fr,France,Energy & Utilities,105.8,27.2,"46,859,518","22,771,000",185,131,2013,
418,NRG MED,nrg-med.com,Italy,Energy & Utilities,225.8,48.3,"22,005,931","6,753,833",112,37,2017,https://it.linkedin.com/company/nrg-med-s-r-l
250,Oenergy,oenergy.it,Italy,Energy & Utilities,363.9,66.8,88925443,19170604,16,12,2010,https://www.linkedin.com/company/energy-only-s-r-l-
568,Opéra Energie,opera-energie.com,France,Energy & Utilities,155.9,36.8,"32,735,924","12,794,447",170,108,2014,https://www.linkedin.com/company/op%C3%A9ra-energie
5,Penisola Gas & Power,penisolagas.it,Italy,Energy & Utilities,10857.7,378.5,47018561,429090,2,1,2017,
858,Polarstern,polarstern-energie.de,Germany,Energy & Utilities,81.4,22,"81,748,680","45,061,853",71,40,2011,
938,Principia Energy,principia-energy.com,Greece,Energy & Utilities,69,19.1,"120,785,917","71,458,390",140,115,2009,https://www.linkedin.com/company/principiaenergy
882,QHeat,qheat.com,Finland,Energy & Utilities,77.1,21,"2,615,589","1,477,132",10,9,2018,https://fi.linkedin.com/company/qheat
767,Renewa,renewa.de,Germany,Energy & Utilities,99,25.8,"4,153,500","2,087,368",67,42,2010,
230,Silversun,groupe-silversun.com,France,Energy & Utilities,397.6,70.7,35555581,7145500,92,19,2019,https://www.linkedin.com/company/silbersonne-led-systems-sl/
719,Singulair,singulair.io,France,Energy & Utilities,107.2,27.5,"4,013,660","1,937,006",17,6,2014,https://www.linkedin.com/company/singulair/
245,Think Hire,thinkhire.co.uk,UK,Energy & Utilities,371.5,67.7,11428045,2391709,46,8,2018,https://uk.linkedin.com/company/thinkhire
652,Triex,triex.co.uk,UK,Energy & Utilities,125.9,31.2,"5,427,048","2,370,347",12,2,2018,https://uk.linkedin.com/company/triex-limited
903,Urban Solar Energy,urbansolarenergy.fr,France,Energy & Utilities,74.3,20.3,"17,481,702","10,031,908",18,6,2007,
600,Voltaïca,voltaica.fr,France,Energy & Utilities,142.5,34.4,"19,173,263","7,905,513",34,3,2008,https://www.linkedin.com/company/voltaicagroupe
6,WinAlliance Green,winalliancegreen.it,Italy,Energy & Utilities,10595.2,374.7,40093002,374870,1,1,2016,
534,Yorkshire Gas and Power,ygp.co.uk,UK,Energy & Utilities,165.2,38.4,"88,766,615","33,030,934",75,35,2008,https://uk.linkedin.com/company/yorkshire-gas-and-power
239,Zenobē,zenobe.com,UK,Energy & Utilities,378.5,68.5,116769580,24082449,269,73,2016,https://www.linkedin.com/company/zenobe-energy-ltd
58,Allica,allica.bank,UK,Fintech Financial Services & Insurance,1438.7,148.7,145229021,9313562,658,184,2019,https://uk.linkedin.com/company/allicabank
107,Babylone Consulting,babyloneconsulting.fr,France,Fintech Financial Services & Insurance,825,109.9,6003150,649000,2,2,2020,https://fr.linkedin.com/company/babylone-consulting
87,Currensea,currensea.com,UK,Fintech Financial Services & Insurance,967,120.2,4446165,411199,25,13,2018,
199,Draivi,draivi.com,Finland,Fintech Financial Services & Insurance,473.7,79,20133217,3509499,25,11,2012,https://www.linkedin.com/company/draivi
76,Fasst,fasst.io,France,Fintech Financial Services & Insurance,1079.8,127.7,11630999,985843,107,16,2017,
104,Flagstone,flagstoneim.com,UK,Fintech Financial Services & Insurance,842.7,111.3,66691156,6981063,288,129,2013,https://uk.linkedin.com/company/flagstone-international-ltd
59,Flanks,flanks.io,Spain,Fintech Financial Services & Insurance,1411.2,147.2,2690000,178000,69,9,2019,https://es.linkedin.com/company/flanks-io
44,Grid Finance,gridfinance.ie,Ireland,Fintech Financial Services & Insurance,1850.9,169.2,3300407,169178,22,14,2013,https://ie.linkedin.com/company/grid-finance-and-analytics
154,Heymondo,heymondo.es,Spain,Fintech Financial Services & Insurance,614.5,92.6,13452267,1882655,60,18,2016,
153,LoanTube,loantube.com,UK,Fintech Financial Services & Insurance,618.2,92.9,2717984,373436,15,5,2016,https://uk.linkedin.com/company/loantube
102,Love Finance,lovefinance.co.uk,UK,Fintech Financial Services & Insurance,862.7,112.7,11175243,1145469,72,11,2016,https://uk.linkedin.com/company/lovefinancehq
137,Machina Capital,machinacap.com,France,Fintech Financial Services & Insurance,705.2,100.4,14289887,1774750,13,8,2016,https://zw.linkedin.com/company/machinacap
191,Masthaven Finance,masthaven.co.uk,UK,Fintech Financial Services & Insurance,490.6,80.8,24736493,4133098,43,18,1999,https://uk.linkedin.com/company/masthaven-finance
103,Moneybox,moneyboxapp.com,UK,Fintech Financial Services & Insurance,843.7,111.3,115518945,12079466,412,201,2015,
184,Paynetics,paynetics.digital,Bulgaria,Fintech Financial Services & Insurance,501,81.8,47857516,7963204,152,100,2013,https://uk.linkedin.com/company/paynetics
148,Paystrax,paystrax.com,Lithuania,Fintech Financial Services & Insurance,643.5,95.2,31155406,4190265,100,27,2018,https://lt.linkedin.com/company/paystrax
192,POM,pom.be,Belgium,Fintech Financial Services & Insurance,490.3,80.7,7833068,1326910,16,10,2014,https://be.linkedin.com/company/pom-be
131,Raylo,raylo.com,UK,Fintech Financial Services & Insurance,727.2,102.2,33689911,4018898,73,58,2018,https://uk.linkedin.com/company/raylo
106,Titanbay,titanbay.com,UK,Fintech Financial Services & Insurance,828.4,110.2,5329319,566478,75,45,2019,https://uk.linkedin.com/company/titanbay
38,Wallester,wallester.com,Estonia,Fintech Financial Services & Insurance,2070.2,178.9,17150525,790267,123,15,2009,
143,Wayflyer,wayflyer.com,Ireland,Fintech Financial Services & Insurance,680.9,98.4,95242000,12196000,330,200,2019,https://www.linkedin.com/company/wayflyer
391,Acquired.com,acquired.com,UK,"Fintech, Financial Services & Insurance",238.6,50.2,"8,218,720","2,395,081",45,10,2015,https://uk.linkedin.com/company/acquired-payments
339,Alan,alan.com,France,"Fintech, Financial Services & Insurance",281,56.2,"325,963,000","85,546,000",607,423,2016,
268,Aprila Bank,aprila.no,Norway,"Fintech, Financial Services & Insurance",353.1,65.5,"19,681,111","4,343,248",41,22,2017,
985,Arundo Re,arundore.com,France,"Fintech, Financial Services & Insurance",61.6,17.3,"1,361,480,895","842,653,198",213,130,2016,https://www.linkedin.com/company/arundore
771,blau direkt,blaudirekt.de,Germany,"Fintech, Financial Services & Insurance",98.1,25.6,"251,302,000","126,862,000",249,108,2000,
705,Blue Ocean Finance,blueoceanfinance.it,Italy,"Fintech, Financial Services & Insurance",109.9,28,"3,241,672","1,544,283",10,10,2018,https://www.linkedin.com/company/blue-ocean-investment-group
328,Bumper International,bumper.co,UK,"Fintech, Financial Services & Insurance",289.7,57.4,"20,173,842","5,108,344",89,16,2013,
807,Buymadeeasy (BME Consulting),buymadeeasy.com,France,"Fintech, Financial Services & Insurance",91.3,24.1,"18,737,698","9,796,457",6,4,2012,https://fr.linkedin.com/company/buy-made-easy
389,Capital on Tap,capitalontap.com,UK,"Fintech, Financial Services & Insurance",239.7,50.3,"512,981,500","149,002,713",703,277,2012,
225,ClearBank,clear.bank,UK,"Fintech, Financial Services & Insurance",410.9,72.2,131812211,25459823,533,294,2015,
553,CR Payroll Solutions,crpayrollsolutions.com,Ireland,"Fintech, Financial Services & Insurance",159.1,37.3,"2,888,840","1,115,089",43,17,2018,https://ie.linkedin.com/company/cr-payroll
471,Elevation Capital Partners,elevation-cp.com,France,"Fintech, Financial Services & Insurance",193.9,43.2,"18,062,455","6,146,585",22,8,2015,
753,Explicit Selection,explicitselection.com,Netherlands,"Fintech, Financial Services & Insurance",102.5,26.5,"2,083,203","1,028,558",14,8,2017,
349,Fachzentrum Finanzen,dieterhomburg.de,Germany,"Fintech, Financial Services & Insurance",273.6,55.2,"3,036,248","812,703",18,8,1999,
298,Fair Collection,fair.no,Norway,"Fintech, Financial Services & Insurance",313.1,60.5,"9,614,074","2,748,378",65,8,2018,
308,Froda,frodaembedded.com,Sweden,"Fintech, Financial Services & Insurance",303.6,59.2,"46,249,197","11,458,312",84,34,2015,
214,Gain.pro,gain.pro,Netherlands,"Fintech, Financial Services & Insurance",431.1,74.5,8533330,1606606,360,130,2018,https://www.linkedin.com/company/gain-ai-super-app
805,Herzog Leasing,herzog-leasing.ag,Germany,"Fintech, Financial Services & Insurance",91.4,24.2,"70,296,269","36,730,726",28,16,2006,
646,Hodeva,hodeva.com,France,"Fintech, Financial Services & Insurance",127.3,31.5,"5,015,293","2,206,226",12,6,2010,https://ca.linkedin.com/company/hodeva
401,iBanFirst,ibanfirst.com,Belgium,"Fintech, Financial Services & Insurance",233.1,49.3,"67,268,506","20,195,204",273,254,2013,
615,Indexa Capital Group,group.indexacapital.com,Spain,"Fintech, Financial Services & Insurance",134.6,32.9,"6,618,518","2,821,219",49,26,2014,https://www.linkedin.com/company/indexa-capital/
266,Jeff,jeff-app.com,Latvia,"Fintech, Financial Services & Insurance",353.2,65.5,"10,201,795","2,064,778",40,18,2019,https://lv.linkedin.com/company/jeffapp
688,La Financière D'Orion,lafinancieredorion.fr,France,"Fintech, Financial Services & Insurance",113.8,28.8,"51,120,345","23,912,872",68,34,2009,https://www.linkedin.com/company/la-financiere-dorion/
540,Latitude Investment Management,latitudeim.com,UK,"Fintech, Financial Services & Insurance",161.4,37.8,"6,661,948","2,514,784",9,8,2016,https://uk.linkedin.com/company/latitudevc
828,Leasy,myleasy.com,France,"Fintech, Financial Services & Insurance",88.1,23.4,"20,062,882","10,665,800",8,4,2015,
400,Lemonway,lemonway.com,France,"Fintech, Financial Services & Insurance",233.8,49.5,"40,998,000","12,280,551",160,84,2007,
257,Les Associes,les-associes.fr,France,"Fintech, Financial Services & Insurance",360.4,66.4,"6,106,224","1,326,177",7,3,2020,
712,McGill and Partners,mcgillpartners.com,UK,"Fintech, Financial Services & Insurance",108.8,27.8,"208,085,860","91,436,636",552,386,2019,
587,MCO (MyComplianceOffice),mco.mycomplianceoffice.com,Ireland,"Fintech, Financial Services & Insurance",148.8,35.5,"48,817,184","17,998,566",402,142,1998,
817,Moneyfarm,moneyfarm.com,UK,"Fintech, Financial Services & Insurance",89.8,23.8,"22,338,584","11,614,377",190,126,2014,https://uk.linkedin.com/company/moneyfarm
720,My Pension Expert,mypensionexpert.com,UK,"Fintech, Financial Services & Insurance",107.1,27.5,"21,134,792","10,069,541",106,61,2010,https://uk.linkedin.com/company/my-pension-expert
725,Neodigital Versicherung,neodigital.de,Germany,"Fintech, Financial Services & Insurance",106.2,27.3,"28,625,000","13,884,000",124,75,2017,
898,Northmill Bank,northmill.com,Sweden,"Fintech, Financial Services & Insurance",75.6,20.6,"63,276,638","40,287,504",154,138,2006,https://www.linkedin.com/company/northmill-ab/
571,NúNú,nunu.is,Iceland,"Fintech, Financial Services & Insurance",154.9,36.6,"3,316,516","1,268,444",3,1,2020,
894,OakNorth,oaknorth.co.uk,UK,"Fintech, Financial Services & Insurance",75.9,20.7,"373,683,639","209,680,107",278,107,2015,https://www.linkedin.com/company/oaknorth-bank
908,Ondato,ondato.com,UK,"Fintech, Financial Services & Insurance",73.5,20.2,"7,375,000","4,250,000",112,175,2018,
295,Payitmonthly,payitmonthly.uk,UK,"Fintech, Financial Services & Insurance",315.4,60.8,"2,654,690","630,629",21,13,2015,https://uk.linkedin.com/company/payitmonthly
544,PensionBee,pensionbee.com,UK,"Fintech, Financial Services & Insurance",160.4,37.6,"40,043,175","15,177,084",204,177,2014,
231,Plum,withplum.com,UK,"Fintech, Financial Services & Insurance",396.9,70.6,23731254,4713240,227,114,2016,https://uk.linkedin.com/company/plum-fintech
726,Pockit,pockit.com,UK,"Fintech, Financial Services & Insurance",106.1,27.3,"10,173,907","4,870,153",135,31,2014,https://uk.linkedin.com/company/pockit
511,Portman Finance Group,portmanfinancegroup.co.uk,UK,"Fintech, Financial Services & Insurance",174.5,40,"24,866,736","8,939,877",100,32,2007,https://uk.linkedin.com/company/portman-finance-group
453,PragmaGO,pragmago.pl,Poland,"Fintech, Financial Services & Insurance",204.1,44.9,"26,427,368","8,081,968",119,73,2006,https://pl.linkedin.com/company/pragmagogroup
592,Qred,qred.se,Sweden,"Fintech, Financial Services & Insurance",146.1,35,"77,994,677","35,430,963",226,111,2015,
282,Roaring,roaring.io,Sweden,"Fintech, Financial Services & Insurance",332.8,63,"4,579,000","1,058,000",22,10,2016,https://www.linkedin.com/company/roaring.io/?ref=fintechprofile.com
594,Sagitta SGR,sagittasgr.it,Italy,"Fintech, Financial Services & Insurance",145,34.8,"6,601,689","2,694,396",31,11,2001,
976,Smart Partners,smartpartners.fr,France,"Fintech, Financial Services & Insurance",62.5,17.6,"4,427,352","2,723,985",12,9,2019,
203,SME Bank,smebank.lt,Lithuania,"Fintech, Financial Services & Insurance",467.1,78.3,6322693,1115011,82,25,2019,
415,smeGo,smego.com,Lithuania,"Fintech, Financial Services & Insurance",226.1,48.3,"43,602,679","13,371,261",120,70,2016,https://lt.linkedin.com/company/sme-go-uab
234,Sortter,sortter.fi,Finland,"Fintech, Financial Services & Insurance",391.4,70,10408000,2118000,15,9,2018,https://fi.linkedin.com/company/sortter-oy
395,TerraPay,terrapay.com,UK,"Fintech, Financial Services & Insurance",236.6,49.9,"62,624,264","17,064,733",705,218,2015,https://uk.linkedin.com/company/terrapay
284,TFY,transformify.org,UK,"Fintech, Financial Services & Insurance",328.3,62.4,"25,989,532","5,988,480",15,9,2015,https://uk.linkedin.com/company/transformify
304,VFX Financial,vfxfinancial.com,UK,"Fintech, Financial Services & Insurance",306.1,59.5,"16,589,445","4,031,365",69,35,2008,https://uk.linkedin.com/company/vfx-financial-plc
460,Weezevent,weezevent.com,France,"Fintech, Financial Services & Insurance",199.5,44.1,"356,305,114","118,988,247",240,100,2008,https://www.linkedin.com/company/weezevent
342,Yapily,yapily.com,UK,"Fintech, Financial Services & Insurance",279.6,56,"7,950,402","2,066,968",106,136,2017,
505,Zopa Bank,zopa.com,UK,"Fintech, Financial Services & Insurance",175.8,40.2,"365,903,664","130,908,745",814,452,2020,https://uk.linkedin.com/company/zopabank
461,Zuto,zuto.com,UK,"Fintech, Financial Services & Insurance",197.7,43.9,"100,236,174","33,222,143",545,383,2006,
536,8Wines,8wines.com,Czech Republic,Food & Beverages,163.6,38.1,"4,705,261","1,808,271",14,12,2015,
937,Alfa Fish,alfafish.be,Belgium,Food & Beverages,69.1,19.1,"27,233,147","16,106,865",31,21,1997,https://be.linkedin.com/company/alfa-fish-nv
77,Archie,myarchie.co,France,Food & Beverages,1063.2,126.6,2830499,243343,6,1,2020,https://www.linkedin.com/company/archieofficiel/
429,Aubert et Mathieu,aubertetmathieu.com,France,Food & Beverages,217.3,46.9,"2,071,465","652,926",4,2,2018,https://www.linkedin.com/company/aubertetmathieu/
833,Balmaz-Sütőde,balmaz-sutode.hu,Hungary,Food & Beverages,86.6,23.1,"7,474,341","4,463,011",170,174,1991,
51,Bella & Bona,bellabona.com,Germany,Food & Beverages,1699.8,162.1,3568016,198249,55,9,2018,https://www.linkedin.com/company/bella-bona/
506,Biere Appro,biere-appro.com,France,Food & Beverages,175.3,40.2,"4,027,549","1,462,908",4,3,2019,https://www.linkedin.com/company/biere-appro
149,Bio&Me,bioandme.co.uk,UK,Food & Beverages,640.3,94.9,10919221,1455467,15,12,2019,https://uk.linkedin.com/company/bioandme
120,Bonneval,bonnevalwaters.com,France,Food & Beverages,772.8,105.9,2244550,257179,56,20,2009,
931,Brocchetta,brocchettafood.com,Italy,Food & Beverages,69.7,19.3,"2,321,895","1,368,270",14,9,2019,
793,Cafés Di-Costanzo,cafesdicostanzo.com,France,Food & Beverages,93.4,24.6,"4,069,991","2,104,777",19,16,2007,
356,DASH,dash-water.com,UK,Food & Beverages,268.3,54.4,"20,776,968","5,567,478",34,17,2017,https://uk.linkedin.com/company/dash-water
278,Dog Heroes,dogheroes.it,Italy,Food & Beverages,337.8,63.6,"3,037,409","693,786",17,10,2019,
522,East Coast Bakehouse,eastcoastbakehouse.com,Ireland,Food & Beverages,170.1,39.3,"13,005,253","4,814,491",91,45,2015,https://ie.linkedin.com/company/east-coast-bakehouse
630,Etienne Coffee & Shop,franchise.etienne-coffeeshop.com,France,Food & Beverages,130.2,32,"3,550,045","1,542,245",18,6,2014,
839,Gustavo Gusto,gustavo-gusto.de,Germany,Food & Beverages,85.8,22.9,"135,442,026","72,894,188",535,359,2014,https://ca.linkedin.com/company/franco-fresco-gmbh
796,Gusti D'Italia,gustiditalia.com,Italy,Food & Beverages,93,24.5,"11,948,144","6,189,394",5,2,2009,
169,Holie's,holies.com,Netherlands,Food & Beverages,546,86.2,12125079,1876962,11,2,2018,https://www.linkedin.com/company/holie
22,Intermoma Food,chisiamo.intermoma.it,Italy,Food & Beverages,3144.2,218.9,18023779,555562,7,1,2021,https://it.linkedin.com/company/intermoma-food
491,KoRo,korodrogerie.de,Germany,Food & Beverages,184.8,41.8,"175,230,000","61,525,228",334,150,2014,https://de.linkedin.com/company/koro-offical
674,Le Chocolat Des Français,lechocolatdesfrancais.fr,France,Food & Beverages,118.1,29.7,"8,536,871","3,913,614",31,19,2014,
140,My American Shop,myamericanshop.be,Belgium,Food & Beverages,685.3,98.8,19220158,2447558,37,11,2020,
436,Patatas Gómez,patatasgomez.com,Spain,Food & Beverages,211.9,46.1,"73,650,134","23,613,443",99,75,1980,https://www.linkedin.com/company/patatas-aguilar/
323,Pinsami,pinsami.it,Italy,Food & Beverages,291.8,57.6,"39,007,620","9,957,010",136,53,2015,
2,Popeyes UK,popeyesuk.com,UK,Food & Beverages,22694.6,510.9,143342821,620538,2865,45,2021,
917,Regal Food Products Group,rfplc.com,UK,Food & Beverages,72.3,19.9,"47,122,072","26,986,852",250,165,2001,https://uk.linkedin.com/company/regal-food-products-group-plc
371,Rumori,rumoripolpetteria.com,Italy,Food & Beverages,251.3,52,"1,532,823","436,282",13,6,2018,
286,Scrumbles,scrumbles.co.uk,UK,Food & Beverages,327.1,62.2,"20,344,209","4,700,638",12,8,2015,https://uk.linkedin.com/company/scrumbles
27,Simmer Eats,simmereats.com,UK,Food & Beverages,2665.1,202.4,42257109,1508064,24,7,2018,https://uk.linkedin.com/company/simmereats
132,So Fast So Good,sofast-sogood.com,France,Food & Beverages,724.9,102.1,6799908,824350,67,36,2015,
631,T'a Milano,tamilano.com,Italy,Food & Beverages,129.6,31.9,"16,603,000","7,231,000",134,67,2008,
835,Worldwide Fishing Company,wofco-ltd.com,Spain,Food & Beverages,86.5,23.1,"403,241,332","216,211,702",71,43,2016,https://www.linkedin.com/company/worldwide-fishing-company-s.l./
567,Alcove Group,youralcove.com,UK,Health Care & Life Sciences,156.1,36.8,"9,081,374","3,499,672",101,32,2014,https://www.linkedin.com/company/alcove-group
624,BitterLiebe,bitterliebe.com,Germany,Health Care & Life Sciences,132.8,32.5,"24,862,395","10,677,743",40,14,2018,
248,Camascope,camascope.com,UK,Health Care & Life Sciences,366.6,67.1,2906094,614594,74,18,2015,https://uk.linkedin.com/company/camascope
332,Delft Imaging Systems,delft.care,Netherlands,Health Care & Life Sciences,287.8,57.1,"29,253,004","7,543,749",29,14,2002,
968,Eckert & Ziegler,ezag.com,Germany,Health Care & Life Sciences,64,17.9,"295,850,000","180,435,000","1,085",866,1992,https://de.linkedin.com/company/eckert-and-ziegler-se
733,elderbrook solutions,elderbrook.de,Germany,Health Care & Life Sciences,105,27,"13,281,002","6,479,722",48,33,2013,https://www.linkedin.com/company/elderbrook-solutions
417,Evondos,evondos.com,Finland,Health Care & Life Sciences,226,48.3,"54,216,385","16,630,125",457,119,2008,https://fi.linkedin.com/company/evondos-group
763,Gruppo Gheron,gruppogheron.it,Italy,Health Care & Life Sciences,100.3,26.1,"151,816,942","75,794,740","1,576",882,2010,
875,Kasseler Stottertherapie,kasseler-stottertherapie.de,Germany,Health Care & Life Sciences,78,21.2,"2,150,679","1,208,459",18,14,1996,
925,Knights Pharmacy,knightspharmacy.co.uk,UK,Health Care & Life Sciences,71.3,19.7,"83,559,875","48,131,929",500,200,1985,
694,König Fitness und Gesundheitszentrum,koenig-horb.de,Germany,Health Care & Life Sciences,112.3,28.5,"4,113,546","1,938,085",65,48,2016,
206,MCS Formulas,mcsformulas.com,Netherlands,Health Care & Life Sciences,447,76.2,2678692,489667,5,2,2019,https://www.linkedin.com/company/mcs-formulas/
679,Medinbox,medinbox.com,France,Health Care & Life Sciences,117.1,29.5,"4,660,000","2,146,472",38,8,2010,https://www.linkedin.com/company/medinbox
226,Revù Clinic,revuclinic.lt,Lithuania,Health Care & Life Sciences,410.9,72.2,5623862,1100829,79,27,2013,https://lt.linkedin.com/company/revuclinic
933,Rollz International,rollz.com,Netherlands,Health Care & Life Sciences,69.4,19.2,"5,207,169","3,074,209",17,11,2019,
297,Simple Online Pharmacy,simpleonlinepharmacy.co.uk,UK,Health Care & Life Sciences,313.2,60.5,"80,072,823","19,120,751",132,52,2015,https://uk.linkedin.com/company/simple-online-pharmacy
229,Tepsivo,tepsivo.com,Finland,Health Care & Life Sciences,400.9,71.1,1668000,333000,4,1,2020,https://fi.linkedin.com/company/tepsivo
53,Townhouse Group,townhouse.co.uk,UK,Health Care & Life Sciences,1579.6,156.1,15577027,915176,449,57,2020,https://uk.linkedin.com/company/townhousebeauty
82,ubiMaster,ubimaster.com,Germany,Health Care & Life Sciences,983.5,121.3,2037000,188000,30,6,2018,
79,WandelWerker Consulting,wandelwerker.com,Germany,Health Care & Life Sciences,1036.3,124.8,2021769,177929,19,1,2021,
125,Wellnest,wellnest.me,Germany,Health Care & Life Sciences,753.5,104.4,15650841,1833634,168,44,2017,
316,Amplitudes,amplitudes.com,France,Hospitality & Travel,295.7,58.2,"173,300,000","43,800,000",165,116,1991,
541,Autounion Car Rental,autounion.gr,Greece,Hospitality & Travel,161.4,37.8,"39,902,480","15,264,365",56,45,2003,
340,Bobs Gastronomie,bobs.de,Germany,Hospitality & Travel,280.8,56.2,"21,091,247","5,539,453",533,250,2007,
322,BPO Group,group.bpo.co.uk,UK,Hospitality & Travel,292.4,57.7,"31,426,767","7,903,467",19,5,1970,https://uk.linkedin.com/company/bluebird-private-office-group
566,Brightsun Travel,brightsun.co.uk,UK,Hospitality & Travel,156.5,36.9,"478,628,299","184,147,313",34,28,1986,https://uk.linkedin.com/company/brightsun-travel-uk-limited
117,Bytetravel,bytetravel.com,Spain,Hospitality & Travel,779.2,106.4,11188331,1272611,52,1,2021,
535,Camping-Car Park,pro.campingcarpark.com,France,Hospitality & Travel,164.5,38.3,"25,970,988","9,818,413",135,75,2011,
111,Coffi Lab,coffilab.co.uk,UK,Hospitality & Travel,808.6,108.7,7506854,815321,152,45,2020,
659,Die Genusswelt,diegenusswelt.com,Germany,Hospitality & Travel,121.8,30.4,"2,135,631","962,834",24,18,2007,
552,DiscoverCars,discovercars.com,Latvia,Hospitality & Travel,159.3,37.4,"71,423,958","27,547,588",197,74,2013,https://lv.linkedin.com/company/discover-car-hire
163,Ferryhopper,ferryhopper.com,Greece,Hospitality & Travel,569.4,88.5,16826611,2513663,108,48,2016,
319,FH55 Hotels,fhhotelgroup.it,Italy,Hospitality & Travel,293.1,57.8,"33,674,167","8,566,186",216,186,1955,
112,Flightcatchers,flightcatchers.com,UK,Hospitality & Travel,805,108.4,347353980,37873581,14,14,1998,https://uk.linkedin.com/company/flightcatchers
405,Flok,stayflok.com,Switzerland,Hospitality & Travel,230.5,49,"3,403,780","938,315",29,14,2016,https://ch.linkedin.com/company/stayflok
119,Fly4You,volonlinegroup.it,Italy,Hospitality & Travel,773.9,106,67024006,7669651,52,34,2011,
157,Freedome,freedome.it,Italy,Hospitality & Travel,589.5,90.3,3486887,505736,36,6,2019,
207,Globalis Viagens e Eventos Corporativos,globalisviagens.pt,Portugal,Hospitality & Travel,446.1,76.1,22683113,4153354,26,17,2015,
204,Golf Travel Group,golftravel.group,UK,Hospitality & Travel,463.9,78,26022124,4553482,34,16,2015,https://uk.linkedin.com/company/golf-travel-group-limited
551,Hackmann Hotels,hackmann-hotels.de,Germany,Hospitality & Travel,159.5,37.4,"13,232,595","5,098,908",160,117,1986,
208,Ison Travel,isontravel.com,UK,Hospitality & Travel,443.7,75.8,63524205,11528895,120,45,2013,https://uk.linkedin.com/company/ison-management-limited
144,Mutika EMC,mutika.it,Italy,Hospitality & Travel,670,97.5,20283301,2634090,14,13,2009,https://www.linkedin.com/company/mutika-dmc-&-events
724,My Property Host,mypropertyhost.com,UK,Hospitality & Travel,106.3,27.3,"8,130,241","3,888,707",57,14,2014,https://uk.linkedin.com/company/bvmvmv
94,Polarsteps,polarsteps.com,Netherlands,Hospitality & Travel,924.7,117.2,15737812,1535913,61,22,2015,
189,Salabam Solutions,salabamsolutions.com,Italy,Hospitality & Travel,492.3,80.9,29104897,4914000,29,15,2015,https://www.linkedin.com/company/salabam/
333,Tahir Investments,tahir-investments.com,Germany,Hospitality & Travel,286.7,57,"5,436,980","1,406,192",76,34,2017,
48,Viaggigiovani.it,viaggigiovani.it,Italy,Hospitality & Travel,1785,166.1,12519353,664147,14,9,2008,
98,WeRoad,weroad.com,Italy,Hospitality & Travel,888.1,114.6,96834000,9800000,200,79,2017,
439,&above,andabove.com,UK,IT & Software,210,45.8,"3,450,276","1,098,205",18,8,2018,
363,221e,221e.com,Italy,IT & Software,257.7,52.9,"3,122,632","873,069",16,10,2012,https://www.linkedin.com/company/221e/
716,84codes.com,84codes.com,Sweden,IT & Software,107.7,27.6,"24,344,999","13,102,351",31,20,2012,
477,AccountsIQ,accountsiq.com,Ireland,IT & Software,192.3,43,"12,715,027","4,350,666",146,80,2005,https://ie.linkedin.com/company/accountsiq
821,Acxias,acxias.com,France,IT & Software,89.3,23.7,"6,004,211","3,171,696",42,23,2007,https://be.linkedin.com/company/acxias?trk=ppro_cprof
910,Adelyce,adelyce.fr,France,IT & Software,73.5,20.2,"8,371,918","4,825,899",69,54,2007,
775,Adsi,adsi-group.com,France,IT & Software,97.2,25.4,"10,015,626","5,079,858",70,40,2005,https://fr.linkedin.com/company/adsi-group
127,Airteam,airteam.ai,Germany,IT & Software,743.2,103.5,3050000,361700,33,8,2018,
373,Amexio Group,amexiogroup.com,France,IT & Software,250.3,51.9,"120,311,259","34,342,775",930,265,2006,https://www.linkedin.com/company/amexio/
311,Ampeco,ampeco.com,Bulgaria,IT & Software,301.7,59,"6,741,487","1,678,086",144,40,2018,https://bg.linkedin.com/company/ampeco
961,AMVisor,amvisor.com,Germany,IT & Software,65.6,18.3,"2,924,431","1,766,164",25,18,2016,
514,AMX,amxconsulting.com,Germany,IT & Software,172.9,39.8,"10,458,000","3,832,000",20,13,2017,https://de.linkedin.com/company/amxconsulting
8,Aonic,aonic.co,Sweden,IT & Software,7566.4,324.8,174104000,2271000,663,135,2021,https://www.linkedin.com/company/aonic-ab
808,Appsfactory,appsfactory.de,Germany,IT & Software,91.2,24.1,"39,707,655","20,768,924",430,233,2009,https://www.linkedin.com/company/appsfactory
836,Aprovall,aprovall.com,France,IT & Software,86.4,23.1,"12,362,517","6,631,097",51,27,2008,https://uk.linkedin.com/company/approvall
956,Arcitek,arcitek.fr,France,IT & Software,66,18.4,"26,666,450","16,064,218",39,29,2012,https://fr.linkedin.com/company/arcitek
517,Arctic Stream,arcticstream.ro,Romania,IT & Software,171,39.4,"28,041,329","10,400,370",39,17,2017,
670,Astree Software,astree-software.fr,France,IT & Software,118.9,29.9,"10,975,000","5,013,215",100,60,2011,https://www.linkedin.com/company/astree-software/
840,Atol Conseils Et Développements,atolcd.com,France,IT & Software,85.4,22.8,"24,468,448","13,201,481",259,180,2000,
896,Atoss,atoss.com,Germany,IT & Software,75.8,20.7,"170,625,447","97,066,400",820,630,1987,https://www.linkedin.com/company/atoss-software
676,Audensiel,audensiel.com,France,IT & Software,117.8,29.6,"173,724,272","79,761,112","1,850","1,100",2013,https://www.linkedin.com/company/audensiel-technologies/
139,Aufinity Group,aufinity.com,Germany,IT & Software,690.9,99.2,10298540,1302058,170,61,2018,https://www.linkedin.com/company/aufinitygroup/
539,Autenti,autenti.com,Poland,IT & Software,162.2,37.9,"6,906,896","2,450,103",101,94,2012,https://pl.linkedin.com/company/autenti
37,Automated Analytics,automatedanalytics.co,UK,IT & Software,2096.7,180.1,3384376,152034,35,23,2013,https://www.linkedin.com/company/automated-analyticsuk
948,B2Digit,b2digit.com,France,IT & Software,68,18.9,"7,299,691","4,345,614",61,39,2016,https://www.linkedin.com/company/b2digit-lyon
760,Babylon Cloud,babyloncloud.com,Italy,IT & Software,101.1,26.2,"4,635,086","2,305,239",48,31,2014,https://www.linkedin.com/company/babyloncloud/
142,barely digital (vintrica),vintrica.com,Germany,IT & Software,681,98.4,81159000,10392000,17,4,2018,https://de.linkedin.com/company/vintrica
114,Beentouch,beentouch.com,Italy,IT & Software,785.5,106.9,3442859,388787,17,5,2017,https://www.linkedin.com/company/beentouch
748,Besharp,besharp.it,Italy,IT & Software,103.1,26.6,"6,932,195","3,412,972",49,33,2011,
845,BetterQA,betterqa.co,Romania,IT & Software,84.2,22.6,"1,837,503","1,002,486",10,16,2018,
42,BLP,blp.digital,Switzerland,IT & Software,1912.1,172,7781555,352338,65,12,2019,https://ch.linkedin.com/company/blp-digital
803,Blue energy,grupablue.pl,Poland,IT & Software,91.9,24.3,"9,212,427","4,464,789",70,40,2010,https://pl.linkedin.com/company/blue-energy-sp-z-o-o
572,Bryntum,bryntum.com,Sweden,IT & Software,154.9,36.6,"4,506,760","1,976,447",6,3,2009,https://www.linkedin.com/company/bryntum-ab
62,Bsport,pro.bsport.io,France,IT & Software,1343,143.5,9051546,627281,142,34,2018,https://fr.linkedin.com/company/bsportio
711,Business Changers,business-changers.it,Italy,IT & Software,108.8,27.8,"8,483,053","4,062,347",110,75,2012,https://it.linkedin.com/company/business-changers
558,Business Insights,businessinsights.es,Spain,IT & Software,158.3,37.2,"4,680,436","1,812,354",80,25,2017,https://www.linkedin.com/company/business-insights-spain
26,CarByte,carbyte.de,Germany,IT & Software,2803.5,207.4,23546615,810974,190,7,2021,
995,Celad,celad.com,France,IT & Software,60.7,17.1,"159,929,000","99,543,000","1,720","1,100",1992,https://www.linkedin.com/company/celad
267,Chapsvision,chapsvision.com,France,IT & Software,353.2,65.5,"186,700,000","41,200,000",542,150,2019,https://www.linkedin.com/company/chapsvision/
951,ClickLearn,clicklearn.com,Denmark,IT & Software,67.4,18.8,"7,890,731","4,726,163",25,25,2010,https://tz.linkedin.com/company/clicklearn?trk=products_seo_search
911,Cns Communications,cns-com.com,France,IT & Software,73.4,20.1,"20,197,832","11,646,819",144,95,2004,https://fr.linkedin.com/company/cns-communications
854,Concept International,concept.biz,Germany,IT & Software,82.6,22.2,"18,548,273","10,155,614",29,23,2004,
67,Connectd,connectd.com,UK,IT & Software,1199.7,135.1,6155926,467388,69,8,2019,https://uk.linkedin.com/company/connectd-co
374,Contents,contents.com,Italy,IT & Software,249.8,51.8,"7,412,000","2,119,000",30,15,2021,
478,CrazyGames,crazygames.com,Belgium,IT & Software,192.1,42.9,"23,675,655","8,106,264",35,13,2014,https://be.linkedin.com/company/crazygames
24,Cyberlift,cyberlift.fr,France,IT & Software,2954.1,212.6,4873651,159575,42,3,2021,https://fr.linkedin.com/company/cyberlift
122,Daintta,daintta.com,UK,IT & Software,756.1,104.6,11536646,1329826,61,8,2019,https://uk.linkedin.com/company/daintta
56,Dataiads,dataiads.io,France,IT & Software,1517.1,152.9,1637817,101280,29,2,2021,
222,Datapao,datapao.com,Hungary,IT & Software,414.3,72.6,3604874,780918,38,8,2016,https://hu.linkedin.com/company/datapao
926,dc AG,dc.ag,Germany,IT & Software,71.2,19.6,"9,965,779","5,820,005",90,60,2010,https://www.linkedin.com/company/dc-ag/
33,de Novo Solutions,de-novo-solutions.com,UK,IT & Software,2258.9,186.8,11762593,492063,118,12,2020,https://uk.linkedin.com/company/de-novo-solutions
407,Deepki,deepki.com,France,IT & Software,229.1,48.7,"39,683,000","12,060,000",421,98,2014,https://www.linkedin.com/company/deepki
306,Digital Factory Telecom,digitalfactorytelecom.fr,France,IT & Software,305.3,59.4,"2,855,660","704,522",12,5,2020,https://www.linkedin.com/company/digital-factory-telecom
548,Digitalpa,digitalpa.it,Italy,IT & Software,159.9,37.5,"7,341,732","2,825,180",67,43,2014,https://www.linkedin.com/company/digitalpa/
113,Diller,diller.io,Norway,IT & Software,801.4,108.1,1583227,207403,18,5,2016,https://www.linkedin.com/company/diller-as/
413,Docentric,ax.docentric.com,Slovenia,IT & Software,226.5,48.4,"6,884,853","2,108,783",29,7,2012,https://si.linkedin.com/company/docentric
508,Dreamix,dreamix.eu,Bulgaria,IT & Software,175.1,40.1,"19,942,429","7,249,608",203,120,2006,https://bg.linkedin.com/company/dreamix-ltd
205,ehotel,ehotel.de,Germany,IT & Software,460.6,77.6,118194010,21085176,209,70,2000,
994,Einden,ephoto.fr,France,IT & Software,60.8,17.2,"1,636,005","1,017,672",21,12,1998,
318,ElastIQ-Connect,elastiq-connect.com,Netherlands,IT & Software,295,58.1,"18,872,000","4,778,000",156,42,2018,https://www.linkedin.com/company/elastiqai
997,Elinext,elinext.com,Poland,IT & Software,60.4,17.1,"20,412,000","12,727,000",705,501,1997,https://www.linkedin.com/company/elinext/
288,Elsewhen,elsewhen.com,UK,IT & Software,325.7,62.1,"22,440,675","5,202,510",125,22,2011,https://uk.linkedin.com/company/elsewhen
95,Enzo Tech,enzotechgroup.com,UK,IT & Software,923.8,117.1,29116894,2806562,32,4,2021,https://uk.linkedin.com/company/enzo-tech-group
606,Epidemic Sound,epidemicsound.com,Sweden,IT & Software,138.1,33.5,"167,680,928","78,728,035",546,493,2009,
826,Equativ,equativ.com,France,IT & Software,88.5,23.5,"371,393,363","197,076,961",840,526,2005,https://www.linkedin.com/company/equativ
662,Eurécia,eurecia.com,France,IT & Software,120.7,30.2,"27,556,641","12,484,291",230,131,2006,
849,Exacon,exacon.it,Italy,IT & Software,83.6,22.5,"2,083,874","1,134,916",42,25,2007,https://www.linkedin.com/company/exacon-information-technology
718,Exclaimer,exclaimer.com,UK,IT & Software,107.2,27.5,"77,071,323","36,702,052",303,186,2001,https://uk.linkedin.com/company/exclaimer
485,Experticket,experticket.com,Spain,IT & Software,188.5,42.4,"1,659,136","575,157",20,12,2015,https://www.linkedin.com/company/experticket/
105,Eye Security,eye.security,Netherlands,IT & Software,834.2,110.6,11490000,1230000,160,20,2020,https://www.linkedin.com/company/eyesecurity/
758,Ezytail,ezytail.com,France,IT & Software,101.4,26.3,"7,943,326","3,943,185",60,30,2010,https://www.linkedin.com/company/logistique-nc/
99,Fekra Group,fekra-group.com,France,IT & Software,871.1,113.4,2460342,253350,40,10,2021,https://www.linkedin.com/company/fekra
998,Flavia IT-Management,flavia-it.de,Germany,IT & Software,60.1,17,"5,116,891","3,196,100",61,46,2001,
449,fobizz,fobizz.com,Germany,IT & Software,205.2,45.1,"6,572,549","2,153,850",33,8,2018,
101,Focaldata,focaldata.com,UK,IT & Software,864.4,112.9,8665187,886609,40,9,2017,https://uk.linkedin.com/company/focaldata
235,Frameo,frameo.com,Denmark,IT & Software,388.9,69.7,14329695,2939594,33,14,2015,https://www.linkedin.com/company/frameoapp
252,Freemiumplay,freemiumplay.com,France,IT & Software,363.3,66.7,"8,328,267","1,797,738",11,6,2018,https://www.linkedin.com/company/freemiumplay/
702,Gac Software,gac-software.com,France,IT & Software,110.9,28.2,"14,427,000","6,841,000",136,79,2007,
259,Gaia,iamgaia.com,UK,IT & Software,359.9,66.3,"4,803,541","1,030,609",30,10,2017,https://uk.linkedin.com/company/gaia-company
370,Generation Digital,gend.co,UK,IT & Software,251.8,52.1,"3,738,633","1,048,790",7,3,2017,https://uk.linkedin.com/company/gend-hq
621,gravity9,gravity9.com,UK,IT & Software,133.2,32.6,"12,981,390","5,494,127",105,66,2017,https://uk.linkedin.com/company/gravity-9
499,Groupe Fortify,fortify-group.com,France,IT & Software,180.4,41,"10,673,604","3,806,426",78,35,2014,https://fr.linkedin.com/company/fortify-group
689,Grupa Dealer,grupadealer.pl,Poland,IT & Software,113.5,28.8,"1,883,816","820,606",25,14,2015,https://www.linkedin.com/company/grupa-it
766,Harington Technologies,harington.fr,France,IT & Software,99.3,25.8,"46,808,250","23,492,778",107,108,2008,https://fr.linkedin.com/company/harington-tech
242,Hopkins,hopkins.systems,Germany,IT & Software,376.1,68.2,1569425,329676,27,19,2019,https://www.linkedin.com/company/hopkinstech/
620,Hostersi,hostersi.com,Poland,IT & Software,133.5,32.7,"13,293,042","5,295,247",42,41,2007,
283,Hostinger,hostinger.com,Lithuania,IT & Software,330.9,62.7,"182,517,000","42,362,507",637,854,2012,https://lt.linkedin.com/company/hostinger
448,Humans.tech,humans.tech,Italy,IT & Software,205.2,45.1,"3,384,088","1,108,881",34,15,2015,https://www.linkedin.com/company/wearehumanstech
579,Huware,huware.com,Italy,IT & Software,152.2,36.1,"27,906,383","11,064,813",72,40,2017,https://www.linkedin.com/company/huware/
80,HyBird,hybird.ai,UK,IT & Software,1017.7,123.6,2028285,179068,13,4,2018,https://uk.linkedin.com/company/hybrid-software-group-plc
691,ICS.AI,ics.ai,UK,IT & Software,113,28.7,"7,540,921","3,494,170",31,19,2018,https://uk.linkedin.com/company/ics-ai-ltd
884,Increso,increso.it,Italy,IT & Software,77,21,"5,999,475","3,389,540",100,61,2015,https://www.linkedin.com/company/increso-srl
182,Inex One,inex.one,Sweden,IT & Software,504,82.1,9099103,1684040,14,8,2018,https://www.linkedin.com/company/inex-one
583,Infrastructure Services,infrastructure-services.fr,France,IT & Software,150.7,35.9,"4,615,386","1,840,994",3,3,2015,
952,Innonation,innonation.it,Italy,IT & Software,67.3,18.7,"2,800,272","1,673,898",23,7,2014,
414,innoscripta,innoscripta.com,Germany,IT & Software,226.4,48.3,"64,706,000","19,827,000",398,185,2012,
398,Innowise,innowise.com,Poland,IT & Software,234.9,49.6,"63,138,897","17,293,837","2,563",756,2007,https://www.linkedin.com/company/innowise-group
970,Interactiv' Technologies,interactiv-technologies.com,France,IT & Software,63.8,17.9,"2,911,428","1,777,225",25,16,2008,https://www.linkedin.com/company/interactiv'%E2%80%8B-technologies
162,IQM Quantum Computers,meetiqm.com,Finland,IT & Software,570.4,88.6,17045766,2542466,281,152,2018,https://www.linkedin.com/company/iqm-quantum-computers/
386,ISO Public Services,iso-gruppe.com,Germany,IT & Software,240.3,50.4,"99,152,000","29,139,923",161,90,2014,https://gh.linkedin.com/company/iso-gruppe
642,IT Centric,itcentric.it,Italy,IT & Software,127.7,31.6,"16,707,742","7,338,527",48,28,2014,https://ca.linkedin.com/company/it-centric
466,Iteo,iteoconsulting.com,France,IT & Software,195.8,43.6,"4,098,785","1,385,657",34,11,2017,https://www.linkedin.com/company/iteo-software-house
607,ITFS,itfs.com,Poland,IT & Software,137.1,33.4,"44,442,266","17,428,555",600,300,2012,https://pl.linkedin.com/company/itfs
377,ITHQ,ithq.pro,UK,IT & Software,245.9,51.2,"6,072,620","1,732,312",19,15,2008,https://uk.linkedin.com/company/ithq-pro
661,I-Tracing,i-tracing.com,France,IT & Software,121.4,30.3,"150,154,767","67,827,777",586,303,2005,https://www.linkedin.com/company/i-tracing/
734,Izertis,izertis.com,Spain,IT & Software,104.6,27,"133,077,000","65,046,000","1,853","1,075",1996,
175,Kaizzen,kaizzen.fr,France,IT & Software,527.8,84.5,5085845,810096,26,10,2019,https://www.linkedin.com/company/kaizen-software-solutions-pvt-ltd
866,Kameleoon,kameleoon.com,France,IT & Software,80,21.6,"18,993,426","10,551,931",205,142,2008,https://www.linkedin.com/company/kameleoon
814,KBRW,kbrw.com,France,IT & Software,90.3,23.9,"19,381,000","10,187,000",150,85,2009,https://www.linkedin.com/company/kbrw/
824,Kegler IT,kegler-it.com,Germany,IT & Software,88.9,23.6,"7,450,000","3,945,000",33,22,2014,
953,Keytech,keytech.it,Italy,IT & Software,67,18.6,"9,237,528","5,532,143",96,49,1989,https://it.linkedin.com/company/keytechnologies
84,Kokori.Cloud,kokori.cloud,France,IT & Software,973.1,120.6,4326327,403150,5,3,2020,https://fr.linkedin.com/company/kokori-cloud
271,Kpler,kpler.com,Belgium,IT & Software,343.6,64.3,"110,299,524","24,867,288",616,148,2014,https://www.linkedin.com/company/kpler
383,L'ABCD,labcd.it,Italy,IT & Software,241.3,50.6,"4,355,977","1,276,317",7,6,2014,https://it.linkedin.com/company/labcdedutainment
335,Leah,leahai.com,UK,IT & Software,284.7,56.7,"37,546,522","9,630,171",290,207,2012,https://www.linkedin.com/company/leahai-ai
337,Lehibou,lehibou.com,France,IT & Software,283.3,56.5,"112,276,398","29,292,066",72,11,2016,https://fr.linkedin.com/company/lehiboucom
314,Link Group,linkgroup.co,Poland,IT & Software,299.1,58.6,"42,060,716","9,800,193",587,231,2016,https://www.linkedin.com/company/link-group-co
697,Linnify,linnify.com,Romania,IT & Software,112.1,28.5,"1,958,131","928,011",28,30,2016,https://www.linkedin.com/company/linnify
637,lise,lise.de,Germany,IT & Software,128.7,31.8,"11,710,000","5,120,000",100,70,1999,https://www.linkedin.com/company/lise-gmbh
598,Local Brand X,local-brand-x.com,Germany,IT & Software,144,34.6,"4,007,156","1,642,272",32,17,2017,
300,Luminance,luminance.com,UK,IT & Software,310.3,60.1,"18,975,731","4,563,955",200,110,2015,https://uk.linkedin.com/company/luminancetech
673,Macompta.Fr,macompta.fr,France,IT & Software,118.2,29.7,"3,161,817","1,449,325",52,15,2007,
21,Magic AI,magic.fit,UK,IT & Software,3529,231.1,4297906,116868,9,1,2021,https://uk.linkedin.com/company/magicfit2021
11,Markapp Media,markappmedia.site,Cyprus,IT & Software,5657.8,286.2,7502000,130292,19,3,2021,https://cy.linkedin.com/company/mark.app
532,Matawan,matawan-mobility.com,France,IT & Software,165.5,38.5,"46,743,600","17,603,000",254,134,2012,https://www.linkedin.com/company/matawan
492,Matchingham Games,matchingham.gs,UK,IT & Software,184.6,41.7,"63,168,236","21,905,800",74,8,2020,https://uk.linkedin.com/company/matchingham-games
680,MRPeasy,mrpeasy.com,Estonia,IT & Software,116.9,29.4,"5,432,611","2,504,919",32,19,2014,
518,MultiBel,multibel.eu,Netherlands,IT & Software,170.8,39.4,"5,664,058","2,091,610",46,11,1995,
654,Myconnect,myconnect.fr,France,IT & Software,125.5,31.1,"4,165,672","1,847,665",16,13,2014,
657,Nanga Systems,nangasystems.com,Germany,IT & Software,123.3,30.7,"11,023,000","4,937,000",58,44,2014,https://www.linkedin.com/company/nanga-systems/?trk=products_details_guest_organization_page
570,Negg Group,negg.group,Italy,IT & Software,155.2,36.7,"17,752,950","6,957,161",58,35,2013,https://it.linkedin.com/company/negg-group
999,Nemesi Italia,nemesitalia.it,Italy,IT & Software,60.1,17,"2,630,787","1,643,399",8,5,1993,https://bg.linkedin.com/company/nemesis-software
981,Netzint,netzint.de,Germany,IT & Software,62.1,17.5,"3,137,976","1,935,914",21,12,2010,
480,Next04,next04.it,Italy,IT & Software,189.6,42.5,"6,795,098","2,346,581",31,18,2013,https://it.linkedin.com/company/next04-s-r-l-
581,Nostra,nostra.ie,Ireland,IT & Software,151.2,35.9,"48,572,249","19,339,116",309,149,2006,https://ie.linkedin.com/company/nostra-systems
640,nsign.tv,nsign.tv,Spain,IT & Software,127.9,31.6,"7,964,611","3,494,356",33,26,2006,https://www.linkedin.com/company/nsigntv
515,NuBeTech,nubetech.it,Italy,IT & Software,171.7,39.5,"8,762,243","3,225,311",75,36,2018,https://www.linkedin.com/company/nubetechspa
487,Odoo,odoo.com,Belgium,IT & Software,187.6,42.2,"426,853,000","148,437,000","4,749","1,783",2002,https://www.linkedin.com/company/odoo
907,Omnicité,omnicite.fr,France,IT & Software,73.7,20.2,"15,549,897","8,952,509",143,106,2006,https://fr.linkedin.com/company/omnicite
85,OnHand,beonhand.co.uk,UK,IT & Software,972.2,120.5,1632216,150219,34,19,2018,https://uk.linkedin.com/company/beonhand
419,Opencast,opencastsoftware.com,UK,IT & Software,225.6,48.2,"56,102,694","17,003,142",469,212,2012,https://uk.linkedin.com/company/opencastsoftware
556,Opteamis,opteamis.com,France,IT & Software,158.5,37.2,"59,798,386","23,137,646",55,30,2005,https://me.linkedin.com/company/opteamis
411,PhotoAiD,photoaid.com,Poland,IT & Software,227.1,48.5,"10,857,758","3,086,751",11,11,2012,
394,Phyron,phyron.com,Sweden,IT & Software,237.6,50,"4,675,452","1,548,247",46,23,2019,https://www.linkedin.com/company/phyron-ai/
269,Plan4,plan4software.de,Germany,IT & Software,348.9,65,"2,370,000","528,000",21,13,2018,https://www.linkedin.com/company/plan4-software-gmbh/
32,PolyAI,poly.ai,UK,IT & Software,2274.3,187.4,14337028,595869,257,43,2017,https://www.linkedin.com/company/polyai
123,Position Green,positiongreen.com,Sweden,IT & Software,756,104.6,15009601,1960260,228,36,2015,https://www.linkedin.com/company/position-green
991,Prime Group,weareprimegroup.com,UK,IT & Software,61.1,17.2,"180,555,694","112,045,713","2,369","2,067",2014,https://uk.linkedin.com/company/weareprimegroup
978,Propulse It,propulse-it.fr,France,IT & Software,62.4,17.5,"14,906,426","9,179,131",2,2,2014,https://www.linkedin.com/company/propulse-it
520,Proxym France,proxym.fr,France,IT & Software,170.7,39.4,"4,645,784","1,716,114",30,20,2009,https://www.linkedin.com/company/proxym
644,PSA Solutions,psasolutions.com,Norway,IT & Software,127.4,31.5,"8,675,113","4,504,106",28,19,2017,https://no.linkedin.com/company/psaconsultingas
498,Publink,publink.com,Poland,IT & Software,180.9,41.1,"2,844,538","941,911",39,21,2012,
886,Rabb IT Solutions,rabbgmbh.de,Germany,IT & Software,76.9,20.9,"3,472,000","1,963,000",28,23,2005,https://www.linkedin.com/company/rabit-solutions
873,Rackforest,rackforest.com,Hungary,IT & Software,78.3,21.3,"5,243,710","3,277,445",38,27,2009,
454,RebelDot,rebeldot.com,Romania,IT & Software,203.8,44.8,"15,106,761","4,997,687",137,84,2018,https://www.linkedin.com/company/therebeldot/
533,Redshift Consulting,redshift.global,Portugal,IT & Software,165.2,38.4,"10,765,588","4,059,072",41,28,2010,https://www.linkedin.com/company/redshiftglobal/
273,Re-flow Field Management,re-flow.co.uk,UK,IT & Software,342.7,64.2,"4,197,759","935,651",47,16,2018,https://uk.linkedin.com/company/re-flow
194,Reincubate,reincubate.com,UK,IT & Software,487.8,80.5,8201393,1376922,18,9,2004,https://uk.linkedin.com/company/reincubate
523,Revolve Healthcare,revolve.healthcare,Poland,IT & Software,169.8,39.2,"2,025,527","750,716",51,29,2017,https://www.linkedin.com/company/revolvehealthcare
915,Rexx Systems,rexx-systems.com,Germany,IT & Software,72.5,19.9,"59,007,703","34,214,216",101,86,2000,
54,Risolto,risolto.be,Belgium,IT & Software,1538.4,154,1779576,108615,11,11,2019,https://be.linkedin.com/company/risolto-be
409,Robaws,robaws.com,Belgium,IT & Software,228.1,48.6,"5,039,559","1,536,000",32,15,2018,
129,RoomPriceGenie,roompricegenie.com,Switzerland,IT & Software,735.1,102.9,6333737,691012,100,30,2019,
645,RoomRaccoon,roomraccoon.com,Netherlands,IT & Software,127.4,31.5,"6,600,000","2,902,522",105,62,2017,
433,Rouvy,rouvy.com,Czech Republic,IT & Software,214.9,46.6,"15,808,537","5,085,968",60,40,2013,https://cz.linkedin.com/company/virtualtraining-s-r-o
874,RTT,rtt.it,Italy,IT & Software,78.1,21.2,"8,411,757","4,722,321",61,44,2005,https://www.linkedin.com/company/rtt-srl
209,Scalizer,scalizer.fr,France,IT & Software,441.9,75.6,2431553,448724,27,1,2019,https://fr.linkedin.com/company/scalizer
423,Seats.io,seats.io,Belgium,IT & Software,223.4,47.9,"4,778,434","1,477,610",6,4,2014,https://be.linkedin.com/company/seats-io
69,SecureFlag,secureflag.com,UK,IT & Software,1181.3,134,5653109,435385,36,9,2019,https://uk.linkedin.com/company/secureflag
717,Seenovate,seenovate.com,France,IT & Software,107.5,27.6,"26,137,083","12,594,440",184,93,2009,https://fr.linkedin.com/company/seenovategroup
45,Seven Portage,seven-portage.fr,France,IT & Software,1842.6,168.8,29416270,1514265,6,1,2021,
906,Sevendata,sevendata.it,Italy,IT & Software,73.8,20.2,"8,877,971","5,108,114",43,27,2017,
943,Sidetrade,sidetrade.com,France,IT & Software,68.7,19.1,"55,000,000","32,600,000",413,284,2000,https://www.linkedin.com/company/sidetrade
290,Sikuro,sikurogroup.com,Italy,IT & Software,323.9,61.9,"2,611,471","616,000",19,10,2017,
855,Smarttech247,smarttech247.com,Ireland,IT & Software,82.4,22.2,"13,180,000","7,225,000",150,50,2003,https://ie.linkedin.com/company/smarttech247
786,Softfluent,softfluent.fr,France,IT & Software,94.8,24.9,"15,551,519","7,982,520",115,63,2005,https://www.linkedin.com/company/softfluent-software
781,Software Mind,softwaremind.com,Poland,IT & Software,96.1,25.2,"52,276,102","24,794,006","1,469",617,1999,https://www.linkedin.com/company/software-mind
223,Solidstudio,solidstudio.io,Poland,IT & Software,413.3,72.5,3768293,682785,46,20,2017,https://pl.linkedin.com/company/solidstudio-emobility-software
709,Sonar,sonar.com,Switzerland,IT & Software,109.2,27.9,"288,992,775","125,834,866",639,278,2008,https://www.linkedin.com/company/sonarsource
170,SourceWhale,sourcewhale.com,UK,IT & Software,545.5,86.2,12407302,1896780,90,21,2019,https://uk.linkedin.com/company/sourcewhale
110,Stillnetwork,stillnetwork.com,France,IT & Software,809.4,108.7,82273846,9046783,6,3,2010,https://fr.linkedin.com/company/stillnetwork
262,Stravito,stravito.com,Sweden,IT & Software,356.4,65.9,"11,521,908","2,822,416",101,48,2017,https://www.linkedin.com/company/stravito/
731,SucceedIT,succeedit.nl,Netherlands,IT & Software,105.1,27.1,"6,993,152","3,409,286",32,21,2012,
315,Surfshark,surfshark.com,Lithuania,IT & Software,296.1,58.2,"149,100,065","37,641,756",452,230,2018,https://lt.linkedin.com/company/surfshark
865,Synovo Group,synovo-group.com,France,IT & Software,80.1,21.7,"7,030,054","3,902,660",76,50,2013,https://www.linkedin.com/company/synovo-smart-solutions
275,System Loco,systemloco.com,UK,IT & Software,340.9,64,"17,970,700","4,021,728",26,10,2016,https://uk.linkedin.com/company/system-loco-ltd
361,Teach Up,teachup.com,France,IT & Software,260,53.3,"1,879,184","522,037",26,12,2018,https://www.linkedin.com/company/teachupglobal
357,tech11,tech11.com,Germany,IT & Software,264.3,53.9,"6,298,524","1,729,089",84,37,2018,https://www.linkedin.com/company/company-tech11/
173,Tedee,tedee.com,Poland,IT & Software,537.4,85.4,5390256,786391,41,30,2018,https://www.linkedin.com/company/tedee/
427,Thingsdata,thingsdata.com,Netherlands,IT & Software,218.9,47.2,"3,198,807","1,002,988",16,5,2016,https://be.linkedin.com/company/thingsdata
224,Thrive,thrivelearning.com,UK,IT & Software,413.1,72.5,12453781,2395315,180,53,2019,https://uk.linkedin.com/company/thrive-it-systems-ltd
945,TNG Technology Consulting,tngtech.com,Germany,IT & Software,68.4,19,"125,000,000","74,236,439",909,597,2001,https://www.linkedin.com/company/tng-technology-consulting
750,unique projects,unique-projects.com,Germany,IT & Software,103,26.6,"28,686,033","14,132,383",67,45,2005,https://www.linkedin.com/company/uniqueprojects
399,Vexiza,vexiza.com,Spain,IT & Software,234.6,49.6,"2,232,425","667,141",55,27,2015,https://es.linkedin.com/company/vexiza
241,Virta Global,virta.global,Finland,IT & Software,377.5,68.4,87792000,18385000,244,125,2013,https://www.linkedin.com/company/virtaltd
755,Visage Technologies,visagetechnologies.com,Sweden,IT & Software,102.1,26.4,"14,110,219","7,804,162",186,122,2002,https://hr.linkedin.com/company/visage-technologies-ab
989,Visicod,visicod.com,France,IT & Software,61.4,17.3,"3,609,059","2,236,457",30,17,2008,
596,Vizion Network,vizionnetwork.co.uk,UK,IT & Software,144.2,34.7,"547,897,921","221,412,950",319,189,2008,https://uk.linkedin.com/company/vizion-network
237,Vizst Technology,vizst.com,UK,IT & Software,379.3,68.6,12292531,2530783,46,36,2010,https://uk.linkedin.com/company/vizst-technology
860,Vo2 Group,vo2-group.com,France,IT & Software,81.3,21.9,"86,867,000","47,927,000",730,400,2011,
469,VQ Communications,vqcomms.com,UK,IT & Software,195.3,43.5,"7,942,787","2,653,877",41,25,2004,https://uk.linkedin.com/company/vq-communications-ltd
372,Walcu,walcu.com,Spain,IT & Software,250.6,51.9,"4,379,730","1,249,188",37,20,2018,https://www.linkedin.com/company/walcu
238,Whalebone,whalebone.io,Czech Republic,IT & Software,379,68.6,6135913,1280990,87,23,2016,
50,Wianco OTT Robotics,wianco.com,Germany,IT & Software,1721.9,163.1,2369142,130040,19,1,2019,
543,Widelab,widelab.co,Poland,IT & Software,160.7,37.6,"4,083,264","1,456,809",34,15,2019,
519,Wikicasa,wikicasa.it,Italy,IT & Software,170.8,39.4,"4,862,787","1,795,851",45,20,2016,https://it.linkedin.com/company/wikicasa
215,Winside Technology,winside.fr,France,IT & Software,430.6,74.4,24772328,4668695,76,8,2020,https://www.linkedin.com/company/winside-tech/
174,Wire Salad,wiresalad.com,Estonia,IT & Software,535,85.2,11061674,1741965,50,5,2020,
402,Worksmile,worksmile.com,Poland,IT & Software,231.3,49.1,"3,739,284","1,049,640",61,36,2016,
939,Xelya,xelya.com,France,IT & Software,69,19.1,"28,846,720","17,069,082",229,148,2005,https://fr.linkedin.com/company/xelya
699,xtream,xtreamers.io,Italy,IT & Software,112.1,28.5,"1,662,991","784,158",23,12,2018,https://www.linkedin.com/company/xtream-srl/
146,Yoto,eu.yotoplay.com,UK,IT & Software,656.7,96.3,114315348,14906936,160,77,2015,https://uk.linkedin.com/company/yotoplay
292,Younium,younium.com,Sweden,IT & Software,319.3,61.3,"6,992,233","1,864,043",65,20,2017,https://www.linkedin.com/company/younium
512,Zebra BI,zebrabi.com,Slovenia,IT & Software,174.4,40,"8,468,933","3,086,696",50,18,2014,https://si.linkedin.com/company/zebra-bi
878,Zeendoc,zeendoc.com,France,IT & Software,77.8,21.1,"23,845,526","13,414,260",202,85,2000,
739,CCS Abogados,ccsabogados.com,Spain,Legal & Accounting Services,104,26.8,"13,143,736","6,443,724",83,84,2002,
857,Ceca Magán Abogados,cecamagan.com,Spain,Legal & Accounting Services,81.5,22,"24,882,915","13,713,328",190,130,1973,
303,Dougs,dougs.fr,France,Legal & Accounting Services,309.2,60,"24,731,948","6,044,086",357,93,2015,
472,Elemental CoSec,elementalcosec.com,UK,Legal & Accounting Services,193.5,43.2,"9,020,962","3,033,509",46,19,2011,https://uk.linkedin.com/company/elemental-cosec
327,Kontax,kontax.de,Germany,Legal & Accounting Services,290,57.4,"10,480,000","2,687,000",120,40,2020,
914,Bail Art,bail-art.com,France,Leisure & Entertainment,73,20.1,"17,578,302","10,158,563",12,7,2009,
479,Bingo Loco and Locomotive,locomotivehq.com,Ireland,Leisure & Entertainment,189.7,42.6,"14,615,303","5,045,553",50,88,2017,
108,Daymade,daymade.co.uk,UK,Leisure & Entertainment,816.9,109.3,5514068,593422,11,5,2019,
806,H501,h501.it,Italy,Leisure & Entertainment,91.3,24.2,"4,419,640","2,309,799",101,64,2003,
90,Holywater Tech,holywater.tech,Cyprus,Leisure & Entertainment,945.9,118.7,61411108,5385838,134,93,2020,
43,Low6,low6.com,UK,Leisure & Entertainment,1893.2,171.1,5116877,253327,32,50,2017,https://uk.linkedin.com/company/low6
30,Lux Entertainment,luxentertainment.com,Italy,Leisure & Entertainment,2440.1,194,83541865,3288873,138,12,2015,https://it.linkedin.com/company/luxentmt
577,Novibet,novibet.gr,Malta,Leisure & Entertainment,153.1,36.3,"286,424,917","113,180,619","1,041",463,2016,https://mt.linkedin.com/company/novibet
675,Sterling Event Group,sterlingeventgroup.co.uk,UK,Leisure & Entertainment,118.1,29.7,"16,421,042","7,430,642",132,51,1999,https://uk.linkedin.com/company/sterlingeventgroup
128,500 Logistics,500logistics.com,UK,Logistics & Transportation,736,103,4447955,525000,10,4,2016,https://uk.linkedin.com/company/500-logistics-limited
529,Arnoux Autoprestige,arnouxautoprestige.com,France,Logistics & Transportation,166.6,38.7,"5,187,001","1,945,579",58,29,2001,https://fr.linkedin.com/company/sas-arnoux-auto-prestige
462,Artheau Aviation,artheauaviation.com,France,Logistics & Transportation,197.3,43.8,"27,859,664","9,372,449",13,8,2012,https://www.linkedin.com/company/artheau-aviation
975,Asavinter,asavinter.fr,France,Logistics & Transportation,62.6,17.6,"10,847,867","6,671,356",27,16,1993,
167,BBTM,bbtm.fr,France,Logistics & Transportation,552.2,86.8,2856000,437874,19,2,2020,https://fr.linkedin.com/company/bbtm76600
3,CDC Chain Drive Crane,cdc.company,Italy,Logistics & Transportation,21866.6,503.4,28062573,127751,5,5,2014,https://www.linkedin.com/company/cdc-hq/
643,CtrlChain,ctrlchain.com,Netherlands,Logistics & Transportation,127.4,31.5,"9,680,418","4,256,207",90,20,2018,https://www.linkedin.com/company/ctrlchain
180,euShipments.com,eushipments.com,Bulgaria,Logistics & Transportation,513.6,83.1,24396666,3975867,223,43,2012,
900,F.M. Trasporti,fmtrasporti.com,Italy,Logistics & Transportation,75.3,20.6,"29,483,483","16,821,874",255,230,1992,https://www.linkedin.com/company/f.m.-trasporti-s.r.l.
888,Galaktikos International,galaktikos.de,Germany,Logistics & Transportation,76.8,20.9,"7,226,754","4,088,621",15,9,1998,https://www.linkedin.com/company/galaktikos-international-gmbh
396,Globalfast Messe- & Eventlogistik,globalfast.de,Germany,Logistics & Transportation,235.1,49.7,"8,093,000","2,415,000",9,7,2011,https://www.linkedin.com/company/globalfast-messe-&-eventlogistik-gmbh
772,Globkurier,globkurier.pl,Poland,Logistics & Transportation,97.9,25.5,"14,424,094","6,779,134",32,26,2010,
741,GTT,gtt.fr,France,Logistics & Transportation,103.8,26.8,"641,387,000","314,735,000",888,556,1965,https://www.linkedin.com/company/gtt-technology-for-a-sustainable-world
992,isg Express Logistik,isg-logistik.de,Germany,Logistics & Transportation,60.9,17.2,"9,086,981","5,647,600",37,51,2011,https://www.linkedin.com/company/isg-express-logistik-gmbh/
619,Lomana Logistics,lomanalogistic.com,Spain,Logistics & Transportation,133.5,32.7,"20,012,167","8,569,927",195,102,2013,https://www.linkedin.com/company/lomana-logistic
727,Modalis,modalis.com,France,Logistics & Transportation,106.1,27.3,"62,967,487","30,556,248",22,9,2002,
510,Noah Maritime,noah-maritime.de,Germany,Logistics & Transportation,174.9,40.1,"3,274,707","1,191,091",27,12,2019,https://de.linkedin.com/company/noah-maritime-gmbh
565,Pilastro,pilastrosrl.it,Italy,Logistics & Transportation,156.5,36.9,"12,082,377","4,709,878",6,6,2009,https://www.linkedin.com/company/lannutti
4,Rail Unit,rail-unit-webseite.webflow.io,Germany,Logistics & Transportation,14470.2,426.2,17701311,121490,155,10,2021,
134,RideTandem,ridetandem.com,UK,Logistics & Transportation,711.2,100.9,12196170,1483658,45,15,2019,
812,Skladon,skladon.com,Czech Republic,Logistics & Transportation,90.7,24,"9,244,947","4,911,256",132,65,2015,
177,Sneleentaxi,sneleentaxi.nl,Netherlands,Logistics & Transportation,520.8,83.8,20914343,3368939,43,11,2016,
179,Storebox,yourstorebox.com,Austria,Logistics & Transportation,518.4,83.6,19763930,3195960,95,12,2016,https://www.linkedin.com/company/storebox-europe/
350,Zenfulfillment,zenfulfillment.com,Germany,Logistics & Transportation,273,55.1,"50,895,000","13,645,000",57,16,2017,https://de.linkedin.com/company/zenfulfillment
564,Zugvogel,zugvogel.cc,Austria,Logistics & Transportation,156.6,36.9,"127,715,954","49,771,475",85,35,2015,
501,4 As,4-as.fr,France,Management Consulting,179.1,40.8,"6,009,623","2,153,069",20,9,2007,
636,B.Conseil,bconseil.fr,France,Management Consulting,128.8,31.8,"8,009,178","3,500,973",46,16,2017,https://www.linkedin.com/company/groupe-b-conseil
798,Bartle,bartle.fr,France,Management Consulting,92.7,24.4,"45,404,989","23,567,908",290,165,2005,https://www.linkedin.com/company/bartle/
20,BeGlobal Holdings,beglobal.holdings,Germany,Management Consulting,3570.7,232.3,6099304,166161,38,2,2020,https://www.linkedin.com/company/beglobal-holdings
341,BetterGov,bettergov.co.uk,UK,Management Consulting,280.4,56.1,"14,656,521","3,802,111",10,9,2016,https://uk.linkedin.com/company/bettergov
96,BeWay Consulting,beway.com,Spain,Management Consulting,895.3,115.1,8179554,821842,53,9,2018,https://ca.linkedin.com/company/bewayconsulting?trk=ppro_cprof
509,BFE Fleet Concepts,bfe-fleet.de,Germany,Management Consulting,175,40.1,"8,216,887","2,988,042",37,17,2009,
672,Businove,businove.com,France,Management Consulting,118.8,29.8,"2,564,456","1,172,025",15,8,2007,https://www.linkedin.com/company/businove/
243,Chatwin,chatwintech.com,Italy,Management Consulting,374.7,68.1,3107134,654531,16,7,2021,https://www.linkedin.com/company/chatwin
829,Citwell Consulting,citwell.com,France,Management Consulting,87.9,23.4,"22,981,645","12,234,000",123,70,2004,https://www.linkedin.com/company/citwell
752,Consorzio Gruppo La Meridiana,gruppolameridiana.it,Italy,Management Consulting,102.6,26.5,"26,827,186","13,243,260",1,1,2007,https://au.linkedin.com/company/gruppo-la-meridiana
71,Constellations,constellations.team,France,Management Consulting,1163.9,132.9,2024778,160200,6,2,2021,
869,Cv.Consultants,cvconsultants.fr,France,Management Consulting,79.4,21.5,"3,747,743","2,089,453",15,10,2010,https://mq.linkedin.com/company/cv-consultantsfr?trk=ppro_cprof
228,E&G Coaching,versicherungzahltnie.de,Germany,Management Consulting,407.4,71.8,2240390,441577,4,2,2021,https://www.linkedin.com/company/e-g-consulting?trk=similar-pages
463,Ecovadis,ecovadis.com,France,Management Consulting,197.3,43.8,"188,371,522","63,372,105","1,666",952,2007,https://www.linkedin.com/company/ecovadis
406,Elgin White Consulting,elginwhite.com,UK,Management Consulting,229.3,48.8,"13,928,689","4,173,484",8,3,2006,https://uk.linkedin.com/company/elgin-white
160,Enfuse Group,enfusegroup.com,UK,Management Consulting,584.7,89.9,10029618,1445542,57,9,2016,https://uk.linkedin.com/company/enfusegroup
325,Etyo Green Insight,etyo.com,France,Management Consulting,291.1,57.6,"2,498,796","638,880",15,5,2020,https://www.linkedin.com/company/etyo/
330,eXalt,exalt-company.com,France,Management Consulting,288.1,57.2,"103,620,000","26,699,000","1,049",320,2018,https://www.linkedin.com/company/exalt-fi
494,Falk Berberich,falkberberich.com,Germany,Management Consulting,183.6,41.6,"2,748,000","969,000",24,9,2017,
360,FinStart,finstart.io,France,Management Consulting,262,53.6,"10,874,682","3,003,822",14,3,2020,
941,grandega,grandega.de,Germany,Management Consulting,68.8,19.1,"10,471,938","6,205,362",53,39,2016,
902,Imt Partners,imt-partners.com,France,Management Consulting,74.4,20.4,"24,942,363","14,300,723",50,26,2013,https://www.linkedin.com/company/imt-partners-llc
486,Inventya,inventya.com,UK,Management Consulting,187.7,42.2,"8,867,031","3,041,621",71,42,2010,
794,Karbone,karbone.eu,France,Management Consulting,93.3,24.6,"4,617,755","2,389,174",37,22,1999,https://www.linkedin.com/company/karbone
555,Kittle Group,kittle-group.com,UK,Management Consulting,158.6,37.3,"3,301,813","1,259,880",33,17,2014,https://uk.linkedin.com/company/kittle-group-ltd
667,Kiwus Consulting,dieterkiwus.de,Germany,Management Consulting,119.6,30,"2,360,752","1,074,847",15,7,2018,https://www.linkedin.com/company/kiwus-consulting-gmbh
890,Label Experience,labelexperience.com,France,Management Consulting,76.3,20.8,"3,117,998","1,768,702",19,16,2015,https://www.linkedin.com/company/label-experience/
864,Lean Performance,lean-performance.com,France,Management Consulting,80.1,21.7,"5,639,875","3,130,813",8,6,2009,https://www.linkedin.com/company/lean-performance-group
979,mc2i,mc2i.fr,France,Management Consulting,62.4,17.5,"181,007,191","111,464,441","1,441",946,1989,https://www.linkedin.com/company/mc2i/
187,Okuden,okuden.fr,France,Management Consulting,496.2,81.3,4650000,780000,30,8,2020,https://ca.linkedin.com/company/okuden-consulting
213,Percinque,percinque.com,Italy,Management Consulting,431.6,74.5,5227737,983369,5,2,2012,https://www.linkedin.com/company/percinque-srl-unipersonale/
797,PHI Factory,phifactory.com,Netherlands,Management Consulting,92.8,24.5,"1,743,423","904,403",17,13,2016,https://nl.linkedin.com/company/phifactory
800,Portalia,portalia.fr,France,Management Consulting,92.3,24.4,"30,655,361","15,940,521",297,190,2017,https://fr.linkedin.com/company/portalia-portage-salarial-
944,Proevo,proevosrl.it,Italy,Management Consulting,68.6,19,"2,181,862","1,294,271",19,11,2016,
212,Raphael Stenzhorn,raphael-stenzhorn.com,Germany,Management Consulting,436.2,75,2334400,435400,16,4,2017,https://www.linkedin.com/company/raphaelstenzhorngmbh
263,RG Finance,rg-finance.de,Germany,Management Consulting,356.2,65.8,"3,892,751","853,399",18,7,2019,https://www.linkedin.com/company/rg-finance-consulting
820,Source Group International,sourcegroupinternational.com,UK,Management Consulting,89.3,23.7,"72,063,695","37,562,965",66,50,2015,https://uk.linkedin.com/company/source-group-international
60,Swift Strategies,swiftstrategies.co.uk,UK,Management Consulting,1384.1,145.7,14118364,938766,11,1,2008,https://uk.linkedin.com/company/swift-strategies
738,Synacktiv,synacktiv.com,France,Management Consulting,104,26.8,"29,914,415","14,664,447",185,88,2012,https://www.linkedin.com/company/synacktiv
751,Synetis,synetis.com,France,Management Consulting,102.8,26.6,"58,183,477","28,695,786",321,204,2010,https://www.linkedin.com/company/synetis/
309,Syngenity,syngenity.com,Germany,Management consulting,303,59.1,"2,643,684","656,064",23,8,2019,https://www.linkedin.com/company/syngenity-incorp
434,Ve.Ma.,vemacoop.com,Italy,Management Consulting,214.1,46.4,"1,763,005","561,360",38,35,2014,https://www.linkedin.com/company/vemagroup
984,3A Biotech,tres-a.net,Spain,Manufacturing,61.6,17.3,"15,440,000","9,556,000",49,25,2008,https://es.linkedin.com/company/3a-biotech-conservantes
730,AS Labruna,aslabruna.it,Italy,Manufacturing,105.2,27.1,"38,241,211","18,639,812",34,20,1971,
665,Boat Management Services (BMS),bmsmed.com,France,Manufacturing,120,30.1,"3,326,222","1,511,980",11,8,2003,
210,Carbon Clean,carbonclean.com,UK,Manufacturing,440,75.4,21793820,3982592,173,50,2009,
483,Carbonteam,carbonteam.it,Italy,Manufacturing,188.7,42.4,"3,189,596","1,104,875",23,8,2007,
723,Eggersmann Metallbau,eggersmannmetallbau.de,Germany,Manufacturing,106.4,27.3,"2,490,120","1,206,728",24,13,2003,
789,Emde Bohrtechnik,emde-bohrtechnik.de,Germany,Manufacturing,94.6,24.9,"22,779,852","11,705,811",118,75,2018,https://www.linkedin.com/company/emde-bohrtechnik/
190,ESL Fuels,eslfuels.com,UK,Manufacturing,490.8,80.8,286036914,47772275,25,14,2000,https://uk.linkedin.com/company/esl-fuels
136,Floky,floky.com,Italy,Manufacturing,708.4,100.7,3758340,464889,11,3,2018,
776,Groupe Grand Large Yachting,grandlargeyachting.com,France,Manufacturing,96.9,25.3,"131,515,017","66,800,507",844,450,2003,
467,Grupo Eurocontainer,eurocontainer.es,Spain,Manufacturing,195.8,43.6,"48,287,927","16,324,923",146,90,2002,https://www.linkedin.com/company/eurocontainer
929,Guzzini & Fontana Projects,guzziniefontana.it,Italy,Manufacturing,70.9,19.6,"8,898,555","5,205,829",45,21,2015,https://www.linkedin.com/company/guzziniefontana
530,Häner Baumaschinen,haener-baumaschinen.de,Germany,Manufacturing,166.6,38.7,"12,441,553","4,667,235",12,10,2013,
928,Hansen Marine,hansen-marine.com,France,Manufacturing,71,19.6,"6,315,374","3,693,131",27,18,2001,
254,ITM Power,itm-power.com,UK,Manufacturing,362.8,66.6,"31,404,520","6,696,577",305,338,2000,https://uk.linkedin.com/company/itm-power
737,Laser Wire Solutions,laserwiresolutions.com,UK,Manufacturing,104,26.8,"12,010,467","5,808,450",52,34,2011,https://uk.linkedin.com/company/laser-wire-solutions
559,Luminous Show Technology,luminous-showtech.com,UK,Manufacturing,157.7,37.1,"3,157,980","1,209,398",18,7,2017,https://uk.linkedin.com/company/luminousshowtech
256,Moffett Automation,moffettautomation.com,Ireland,Manufacturing,361.1,66.4,"25,338,000","5,495,000",93,30,2017,https://ie.linkedin.com/company/moffett-automation
919,Novapor,novapor.com,Germany,Manufacturing,72.1,19.8,"12,942,462","7,521,740",80,40,1958,https://jm.linkedin.com/company/novapor-verpackung-schaumstoff-hartschaum
437,NutraDirect,nutradirect.co.uk,UK,Manufacturing,211.8,46.1,"42,075,945","13,315,996",180,48,2008,https://www.linkedin.com/company/nutradirect-uk
367,Ozturk,ozturk.es,Spain,Manufacturing,253.9,52.4,"63,831,012","18,035,078",213,80,2015,https://www.linkedin.com/company/ozturk-quebap-produccion-s-l
458,P.B.L.,pbl.it,Italy,Manufacturing,201.1,44.4,"26,967,148","8,955,312",107,16,2018,https://it.linkedin.com/company/pbl-srl
810,Palamatic Process,palamaticprocess.fr,France,Manufacturing,91,24.1,"22,065,951","11,551,714",100,70,1992,https://fr.linkedin.com/company/palamatic-process-inc
982,Revesperfil,revesperfil.pt,Portugal,Manufacturing,62.1,17.5,"10,949,804","6,755,712",39,20,2006,
435,Stufe A Pellet Italia,stufeapelletitalia.com,Italy,Manufacturing,213.7,46.4,"18,069,953","5,760,863",72,23,2013,
746,Task Consumer Products,taskcp.co.uk,UK,Manufacturing,103.2,26.7,"183,335,516","89,027,349",135,104,2008,https://uk.linkedin.com/company/task-consumer-products-limited
912,Tosla Nutricosmetics,toslanutricosmetics.com,Slovenia,Manufacturing,73.4,20.1,"19,074,540","11,001,443",37,9,2014,https://si.linkedin.com/company/tosla-nutricosmetics
744,TrafficSupply,trafficsupply.nl,Netherlands,Manufacturing,103.5,26.7,"8,925,695","4,386,718",23,14,2017,
412,Vuba,vubasurfaces.co.uk,UK,Manufacturing,226.9,48.4,"37,795,836","11,410,120",148,35,2010,https://uk.linkedin.com/company/vuba-group
980,Waldkraft,wald-kraft.com,Germany,Manufacturing,62.3,17.5,"4,773,297","2,941,821",50,42,2017,
932,ZMT Hungary,zmthungary.hu,Hungary,Manufacturing,69.6,19.2,"5,968,465","3,922,140",104,99,2011,
388,Acri Ingenierie,acri-ingenierie.fr,France,Mechanical & Plant Engineering,240.1,50.4,"4,475,105","1,315,953",16,6,2012,
804,Agap2,agap2.fr,France,Mechanical & Plant Engineering,91.8,24.2,"263,475,437","137,387,432","2,900","1,600",2005,
768,Akajoule,akajoule.com,France,Mechanical & Plant Engineering,98.9,25.8,"3,055,986","1,536,102",53,28,2010,https://www.linkedin.com/company/akajoule/
569,Altyn,altyn-groupe.com,France,Mechanical & Plant Engineering,155.5,36.7,"123,471,000","48,331,877",771,412,2004,
895,Bellmer,bellmer.com,Germany,Mechanical & Plant Engineering,75.9,20.7,"239,740,000","136,330,000",862,745,1842,https://www.linkedin.com/company/bellmer
432,Coris Innovation,corisinnovation.com,France,Mechanical & Plant Engineering,215.2,46.6,"7,116,952","2,258,049",86,29,2015,https://www.linkedin.com/company/corys
404,Domin,domin.com,UK,Mechanical & Plant Engineering,230.9,49,"5,239,162","1,562,605",82,15,2012,https://uk.linkedin.com/company/domin-fluid-power
310,Elaphi,elaphi.com,France,Mechanical & Plant Engineering,302.5,59.1,"3,095,566","769,027",6,4,2017,https://si.linkedin.com/company/elaphe
692,EPS Entwicklung Produktion Service digitaler Systeme,epsdigitalesysteme.de,Germany,Mechanical & Plant Engineering,112.9,28.6,"2,911,646","1,367,857",11,6,1997,
457,Fokus,fokus-it.fr,France,Mechanical & Plant Engineering,201.2,44.4,"8,862,366","2,942,741",100,20,2018,https://ca.linkedin.com/company/focus-focus-international
666,G-On,g-on.fr,France,Mechanical & Plant Engineering,119.7,30,"5,757,966","2,620,504",45,40,2016,https://fr.linkedin.com/company/g--on
851,Govi,govi-gmbh.de,Germany,Mechanical & Plant Engineering,83,22.3,"8,188,000","4,475,000",31,23,2002,https://www.linkedin.com/company/govi-gmbh
445,Italiana Energia,italianaenergia.it,Italy,Mechanical & Plant Engineering,206.7,45.3,"6,843,541","2,231,700",26,19,2016,https://www.linkedin.com/company/italiana-energia/
440,Joytek,joytek.it,Italy,Mechanical & Plant Engineering,209.1,45.7,"5,660,093","1,830,890",37,20,2016,https://it.linkedin.com/company/joytek-srl
358,Lab.Productions,lab.productions,France,Mechanical & Plant Engineering,264.1,53.8,"6,191,842","1,700,482",12,3,2018,https://www.linkedin.com/company/labproductions/
546,Lemon Sistemi,lemonsistemi.it,Italy,Mechanical & Plant Engineering,160,37.5,"8,562,575","3,293,090",76,9,2009,
962,Lillybelle,lillybelle.eu,France,Mechanical & Plant Engineering,65.3,18.2,"8,471,473","5,124,312",20,12,2009,https://fr.linkedin.com/company/lillybelle
809,Office In,office-in.fr,France,Mechanical & Plant Engineering,91,24.1,"7,872,743","4,120,998",9,3,2013,
589,Petec,petec-gmbh.de,Germany,Mechanical & Plant Engineering,147.2,35.2,"4,510,268","1,824,320",15,6,2019,https://www.linkedin.com/company/petec-engineering
765,Solutel,solutel.fr,France,Mechanical & Plant Engineering,99.7,25.9,"6,516,628","3,262,807",50,27,2004,
779,Soluxan,soluxan.com,France,Mechanical & Plant Engineering,96.4,25.2,"20,449,235","10,410,503",169,110,2017,https://www.linkedin.com/company/soluxan/
451,Strobl Pumpen,strobl-pumpen.de,Germany,Mechanical & Plant Engineering,204.5,44.9,"7,548,000","2,479,000",15,10,2006,
934,SUSS,suss.com,Germany,Mechanical & Plant Engineering,69.4,19.2,"446,147,000","263,438,000","1,498","1,178",1949,https://www.linkedin.com/company/suss-microtec
647,TLM,tlm-gasversorgung.de,Germany,Mechanical & Plant Engineering,127.3,31.5,"4,212,007","1,852,916",25,10,1988,
685,Bredbandsval.se,bredbandsval.se,Sweden,Media & Telecommunications,115.1,29.1,"2,831,835","1,472,054",5,4,2016,
217,BubblyDoo,bubblydoo.uk,Belgium,Media & Telecommunications,424.1,73.7,2850000,543840,12,4,2019,https://be.linkedin.com/company/bubblydoo
92,Clarus Networks,clarus-networks.com,UK,Media & Telecommunications,941.3,118.4,22079444,2092349,47,8,2014,https://uk.linkedin.com/company/clarus-networks-ltd
686,Conexio Telecom,conexiotelecom.fr,France,Media & Telecommunications,115,29.1,"6,327,281","2,943,500",30,14,2017,https://www.linkedin.com/company/conexio-telecom/
260,Digitalisim,digitalisim.fr,France,Media & Telecommunications,358.6,66.1,"2,259,474","492,744",23,8,2020,
438,Interfone,interfone.be,Belgium,Media & Telecommunications,211.5,46,"1,863,275","598,195",8,3,2012,https://be.linkedin.com/company/interfone-belgium
152,Intergo Telecom,intergotelecom.com,Cyprus,Media & Telecommunications,619.3,93,11278708,1567951,27,6,2016,https://cy.linkedin.com/company/intergo-telecom
307,Kid-A,kid-a.co.uk,UK,Media & Telecommunications,304.3,59.3,"11,009,672","2,687,200",20,9,2019,https://uk.linkedin.com/company/k1d-a
138,Mediatech,mediatech.one,Lithuania,Media & Telecommunications,700.7,100.1,26907739,3360496,285,89,2019,https://lt.linkedin.com/company/mediatech-1
909,MOBEX,mobex.de,Germany,Media & Telecommunications,73.5,20.2,"29,865,211","17,213,867",98,65,2000,https://www.linkedin.com/company/mobex-business-telecommunications
385,Obiz,obiz-concept.fr,France,Media & Telecommunications,240.8,50.5,"125,878,729","36,935,000",130,40,2011,
343,Requtech,requtech.com,Sweden,Media & Telecommunications,277.7,55.7,"3,494,546","1,034,311",13,6,2009,https://se.linkedin.com/company/requtech-ab
124,Simbase,simbase.com,Netherlands,Media & Telecommunications,753.9,104.4,2558632,299646,10,2,2019,
867,Values.Media,values.media,France,Media & Telecommunications,80,21.6,"17,884,868","9,937,980",61,43,1990,https://www.linkedin.com/company/valuesmedia
782,Urbencea,urbencea.com,France,Metals & Mining,95.8,25.1,"6,604,775","3,372,511",20,13,2004,https://fr.linkedin.com/company/urbencea
561,AP Italian Luxury,apitalianluxury.com,Italy,Pharmaceuticals & Cosmetics,157.4,37,"17,284,880","6,715,618",19,11,2016,
722,Atida eFarma,efarma.com,Italy,Pharmaceuticals & Cosmetics,106.8,27.4,"59,378,534","28,713,439",96,49,2017,
879,Exystat,exystat.com,France,Pharmaceuticals & Cosmetics,77.7,21.1,"3,039,268","1,710,177",20,13,2013,https://www.linkedin.com/company/horiana
521,Farmed,farmedinternational.com,Italy,Pharmaceuticals & Cosmetics,170.7,39.4,"24,791,741","9,159,407",13,6,2006,https://be.linkedin.com/company/farmedsrl
233,Grow Group,growgroup.org,UK,Pharmaceuticals & Cosmetics,391.8,70.1,30494414,6118330,61,34,2017,https://uk.linkedin.com/company/grow-group-ltd
40,Itaste,itastemedical.com,Italy,Pharmaceuticals & Cosmetics,2035.6,177.4,18445272,863718,9,2,2019,https://www.linkedin.com/company/faimed/
778,Laboratoires Dermosun,solaires-parasol.fr,France,Pharmaceuticals & Cosmetics,96.5,25.2,"11,039,459","5,619,495",28,14,2011,
355,Labtoo,labtoo.com,France,Pharmaceuticals & Cosmetics,269.6,54.6,"1,961,748","530,773",7,4,2017,https://www.linkedin.com/company/labtoo/
305,Lifeaz,lifeaz.co,France,Pharmaceuticals & Cosmetics,305.9,59.5,"5,431,513","1,338,206",38,38,2015,
452,Neofollics Hair Technology,neofollics.com,Netherlands,Pharmaceuticals & Cosmetics,204.4,44.9,"3,638,000","1,195,000",15,3,2015,https://www.linkedin.com/company/neofollics
580,TheOTCLab,theotclab.com,Netherlands,Pharmaceuticals & Cosmetics,151.9,36.1,"8,031,607","3,188,829",11,3,2016,https://nl.linkedin.com/company/theotclab
195,Flease,flease.fr,France,Professional Scientific & Technical Services,487.3,80.4,11102356,1890495,25,9,2018,https://www.linkedin.com/company/flease
73,Golden Voice Academy,goldenvoiceacademy.de,Germany,Professional Scientific & Technical Services,1133.4,131,3920693,317891,15,3,2021,
130,Groupe Work4You,work4you.fr,France,Professional Scientific & Technical Services,730.4,102.5,30882184,3719082,65,10,2018,
116,Inpulse,inpulse.ai,France,Professional Scientific & Technical Services,781.1,106.5,3338792,378940,33,16,2018,https://www.linkedin.com/company/inpulseemployeeengagement
165,Konversational,konversational.com,Ireland,Professional Scientific & Technical Services,557.8,87.4,8326240,1265774,44,10,2020,https://ie.linkedin.com/company/konversational
78,Linnk Group,linnk.com,UK,Professional Scientific & Technical Services,1055.6,126.1,44126175,3768187,472,219,2019,https://uk.linkedin.com/company/linnkgroup
168,Lüddemann Investments,mariolueddemann.com,Germany,Professional Scientific & Technical Services,547.8,86.4,13652912,2107725,28,4,2021,
83,Seals Group,seals-group.de,Germany,Professional Scientific & Technical Services,980.6,121.1,7556715,699282,41,8,2020,https://www.linkedin.com/company/seal-analytical-ltd-
55,Spotlag,spotlag.com,France,Professional Scientific & Technical Services,1529.2,153.5,6956149,426972,27,6,2019,https://www.linkedin.com/company/spotlag
158,Veremark,veremark.com,UK,Professional Scientific & Technical Services,588.8,90.3,5710502,760518,120,50,2020,https://uk.linkedin.com/company/veremark
193,Walr,walr.com,UK,Professional Scientific & Technical Services,489,80.6,19511949,3268914,70,23,2020,https://www.linkedin.com/company/walr
683,5 Sterne Redner,5-sterne-redner.de,Germany,"Professional, Scientific & Technical Services",115.8,29.2,"2,650,000","1,228,009",8,6,2021,
410,Arbolus,arbolus.com,UK,"Professional, Scientific & Technical Services",227.5,48.5,"16,071,472","4,841,874",172,77,2017,https://www.linkedin.com/company/arbolus
656,Arrive (former EasyPark Group),arrive.com,Sweden,"Professional, Scientific & Technical Services",123.8,30.8,"361,755,000","161,649,000","1,024",389,2001,https://se.linkedin.com/company/arrive
764,Ayes,ayesconsulting.com,Italy,"Professional, Scientific & Technical Services",99.8,26,"23,429,853","11,725,022",359,189,2015,https://www.linkedin.com/company/ayes---management-&-technology-consulting?trk=ppro_cprof
331,BFY Group,bfygroup.co.uk,UK,"Professional, Scientific & Technical Services",288,57.1,"14,795,340","3,763,031",44,12,2004,https://uk.linkedin.com/company/bfygroup
996,Cabinet TLC,tlcconseil.fr,France,"Professional, Scientific & Technical Services",60.5,17.1,"3,058,295","1,905,181",11,6,2007,
547,Chaudieres Location,chaudieres-location.com,France,"Professional, Scientific & Technical Services",160,37.5,"5,000,096","1,923,308",14,7,2013,https://www.linkedin.com/company/chaudi%C3%A8reslocation/
379,CloudRock Partners,wearecloudrock.com,UK,"Professional, Scientific & Technical Services",242.4,50.7,"30,052,213","8,661,475",209,61,2017,https://www.linkedin.com/company/cloudrock-partners
958,Delville Management,delville-management.com,France,"Professional, Scientific & Technical Services",66,18.4,"38,052,900","22,929,312",63,32,2010,https://www.linkedin.com/company/delville-management
843,Des Composites,descomposites.com,Italy,"Professional, Scientific & Technical Services",84.5,22.6,"2,157,055","1,169,274",23,14,2014,https://www.linkedin.com/company/des-composites-s-r-l
574,Dialectica,dialectica.io,UK,"Professional, Scientific & Technical Services",154.3,36.5,"116,785,528","42,130,615",133,388,2015,https://uk.linkedin.com/company/dialectica-research
813,Dimac,dimac.pro,France,"Professional, Scientific & Technical Services",90.6,24,"5,680,000","2,980,000",26,16,1995,https://www.linkedin.com/company/dimac-100-inspection
550,Eichinger Gruppe,sicherheit-eichinger.de,Germany,"Professional, Scientific & Technical Services",159.7,37.5,"26,149,817","10,069,636",380,180,2013,
977,Fatec Group,fatec-group.com,France,"Professional, Scientific & Technical Services",62.4,17.6,"20,575,523","12,666,682",280,150,2013,
220,Gritera,gritera.com,Norway,"Professional, Scientific & Technical Services",416.1,72.8,12219216,2795506,59,20,2020,
378,Horizon Group,horizon-group.ch,Switzerland,"Professional, Scientific & Technical Services",243.5,50.9,"2,442,833","647,972",10,3,2018,https://ch.linkedin.com/company/horizon-group-ch
780,Hundrup,hundrup.de,Germany,"Professional, Scientific & Technical Services",96.3,25.2,"5,838,057","2,974,317",20,8,1994,
348,Hyphen,hyphenteam.com,Portugal,"Professional, Scientific & Technical Services",275.4,55.4,"4,621,723","1,231,162",94,40,2015,https://www.linkedin.com/company/hyphen-team
447,Indigo Independent Governance,indigogovernance.com,UK,"Professional, Scientific & Technical Services",205.5,45.1,"1,675,766","541,234",12,5,2005,https://uk.linkedin.com/company/indigogov
859,Ingenieur- und Sachverständigenbüro Rachfahl,sachverstaendigenbuero-rachfahl.de,Germany,"Professional, Scientific & Technical Services",81.3,21.9,"3,403,592","1,877,007",26,12,2020,
503,Insuvia,insuvia.com,Lithuania,"Professional, Scientific & Technical Services",176.1,40.3,"4,303,131","1,558,351",45,35,2014,https://lt.linkedin.com/company/insuvia
905,Integrata,integrata.fi,Finland,"Professional, Scientific & Technical Services",73.8,20.2,"21,128,340","12,156,557",209,151,2008,https://www.linkedin.com/company/good-news-from-finland
920,Interim Search,interimsearch.com,Sweden,"Professional, Scientific & Technical Services",72,19.8,"37,622,404","24,448,915",37,36,2012,
785,Kunze Bühnen,kunze-buehnen.com,Germany,"Professional, Scientific & Technical Services",95.4,25,"4,320,905","2,211,174",23,15,1996,
627,La Mercurio,lamercurio.com,Italy,"Professional, Scientific & Technical Services",132.3,32.4,"4,506,339","1,940,233",20,15,2016,
634,La Regie De Portage Salarial,regie-portage.fr,France,"Professional, Scientific & Technical Services",128.9,31.8,"32,500,000","14,200,000",274,154,2016,
946,Leapforce,leapforce.nl,Netherlands,"Professional, Scientific & Technical Services",68.4,19,"2,580,036","1,532,458",26,26,2018,https://www.linkedin.com/company/leapforce-inc
516,LGG Advisors,lggadvisors.com,Portugal,"Professional, Scientific & Technical Services",171.5,39.5,"2,389,036","879,975",54,15,2008,https://uk.linkedin.com/company/lggadvisors
608,Locacuisines,locacuisines.fr,France,"Professional, Scientific & Technical Services",136.9,33.3,"19,084,383","8,055,532",46,45,2001,
762,Meivcore,meivcore.com,Portugal,"Professional, Scientific & Technical Services",100.5,26.1,"75,531,850","37,680,280",425,296,2013,https://www.linkedin.com/company/meivcore-group
827,One Lease,onelease.fr,France,"Professional, Scientific & Technical Services",88.3,23.5,"26,764,576","14,216,724",23,18,2016,
465,P3 Security,p-3-security.com,Germany,"Professional, Scientific & Technical Services",196.2,43.6,"13,798,770","4,658,464",194,47,2014,https://www.linkedin.com/company/p3/
247,Penta Consulting,pentaconsulting.com,UK,"Professional, Scientific & Technical Services",367.1,67.2,184789792,39037848,55,40,1998,https://uk.linkedin.com/company/penta-consulting
922,Poly Event,jeux-gonflables.net,France,"Professional, Scientific & Technical Services",71.7,19.7,"3,325,000","1,936,949",13,12,2011,
664,Pro Tempore,protempore.com,Sweden,"Professional, Scientific & Technical Services",120.2,30.1,"27,690,485","14,061,046",56,40,2018,https://se.linkedin.com/company/protempore
959,Prosapient,prosapient.com,UK,"Professional, Scientific & Technical Services",65.7,18.3,"39,861,054","23,739,573",248,216,2017,https://www.linkedin.com/company/prosapient
671,Spot Buy Center,spotbuycenter.com,Belgium,"Professional, Scientific & Technical Services",118.9,29.8,"45,418,754","20,750,501",13,7,2012,https://be.linkedin.com/company/spotbuycenter
815,Tarlogic Security,tarlogic.com,Spain,"Professional, Scientific & Technical Services",90.2,23.9,"11,532,254","6,063,482",124,95,2011,https://www.linkedin.com/company/tarlogic/
612,Techspert,techspert.com,UK,"Professional, Scientific & Technical Services",136.2,33.2,"6,607,733","2,760,837",58,56,2015,https://uk.linkedin.com/company/techspert-com
441,The SaaSy People,thesaasypeople.com,UK,"Professional, Scientific & Technical Services",208.2,45.5,"3,986,955","1,276,632",132,29,2019,https://uk.linkedin.com/company/the-saasy-people
352,The Wastepack Group,wastepackgroup.co.uk,UK,"Professional, Scientific & Technical Services",272.6,55,"14,815,842","3,923,692",38,24,1997,https://uk.linkedin.com/company/wastepack-group
795,Themenos Progetti,themenosprogetti.com,Italy,"Professional, Scientific & Technical Services",93.1,24.5,"3,323,024","1,720,840",14,13,2002,
960,Tsunami Axis,tsunami-axis.com,UK,"Professional, Scientific & Technical Services",65.7,18.3,"65,084,606","38,772,143",102,86,1999,https://uk.linkedin.com/company/tsunami-axis
701,Vismederi,vismederi.com,Italy,"Professional, Scientific & Technical Services",111.5,28.4,"30,532,980","14,439,095",139,79,2009,https://www.linkedin.com/company/vismederi-srl
527,Wenes Group,wenes-stand.com,France,"Professional, Scientific & Technical Services",168.5,39,"8,777,451","3,269,021",22,13,2007,https://fr.linkedin.com/company/wenes-stand
178,Castell Construction,castellgroup.co.uk,UK,Public Sector & Infrastructure,520.3,83.7,21554491,3428702,51,17,2019,https://uk.linkedin.com/company/castellgroup
749,Metaminds,metaminds.com,Romania,Public Sector & Infrastructure,103,26.6,"39,854,216","19,730,903",62,41,2015,
200,The Housing Network,thehousingnetwork.co.uk,UK,Public Sector & Infrastructure,472.1,78.9,62565426,10791641,249,101,2014,https://uk.linkedin.com/company/the-housing-network-ltd
285,aedifion,aedifion.com,Germany,Real Estate,327.4,62.3,"2,608,932","610,400",91,30,2017,https://de.linkedin.com/company/aedifion
261,Axtom,axtom.eu,France,Real Estate,357.4,66,"251,719,000","55,030,237",239,65,2017,
916,Bsk Immobilier,bskimmobilier.com,France,Real Estate,72.3,19.9,"58,132,000","33,736,000",36,7,2010,
426,BuyAssociation,buyassociationgroup.com,UK,Real Estate,221.5,47.6,"6,639,699","2,037,868",18,8,2005,https://uk.linkedin.com/company/buyassociation
597,Entweder,entweder.vc,Netherlands,Real Estate,144.1,34.7,"21,277,756","8,716,436",53,34,2019,https://nl.linkedin.com/company/entweder-vc
790,Furlan Retail,furlanretail.it,Italy,Real Estate,94.3,24.8,"5,299,261","2,727,147",1,1,2013,https://www.linkedin.com/company/blinktees
13,Gartenbau nach Maß,gartenbaunachmass.de,Germany,Real Estate,5046.3,272,5690786,110580,18,4,2020,
695,Hemisphere,hemisphere-cap.com,France,Real Estate,112.2,28.5,"9,167,604","4,319,554",15,5,2017,https://www.linkedin.com/company/hemisphere-cap
476,Les Constructeurs Du Bois,lesconstructeursdubois.fr,France,Real Estate,192.5,43,"23,556,998","8,053,364",16,10,2011,
276,Matera,matera.eu,France,Real Estate,339.9,63.9,"17,241,016","3,919,393",215,157,2017,
743,Officine Mak,officinemak.it,Italy,Real Estate,103.6,26.7,"72,178,973","35,460,573",1,0,1956,
830,Oiko Gestion,oikogestion.fr,France,Real Estate,87.3,23.3,"7,974,310","4,256,564",88,49,2010,
590,Storage Share,storage-share.nl,Netherlands,Real Estate,146.4,35.1,"5,558,020","2,255,828",30,10,2016,https://nl.linkedin.com/company/storage-share
526,Upside,upside.paris,France,Real Estate,168.6,39,"2,993,631","1,114,352",10,6,2020,https://www.linkedin.com/company/upsideparis/
455,Adopt Parfums,adopt.com,France,Retail,203,44.7,"173,303,239","57,199,602",729,529,1989,
496,Arlettie,arlettie.com,France,Retail,182.3,41.3,"163,985,655","58,088,014",130,96,2011,https://www.linkedin.com/company/arlettie/
921,BallereTTe,ballerette.com,Italy,Retail,71.8,19.8,"4,101,132","2,387,543",26,29,2014,
171,Bikemax,bikemax.cz,Czech Republic,Retail,544.6,86.1,12331705,1938169,5,3,2012,https://www.linkedin.com/company/bikemax-s-r-o
166,Cabaia,cabaia.fr,France,Retail,553.6,87,98693925,15099823,300,90,2015,
147,Epil Point,epilpoint.it,Italy,Retail,643.6,95.2,10551587,1418953,230,29,2016,
841,Fermeture Econ'Home,fermeture-econhome.fr,France,Retail,85.3,22.8,"6,839,021","3,690,376",50,15,2012,https://www.linkedin.com/company/fermeture-econ-home/
635,Gold Standard Metalli Preziosi,goldstandard.gold,Italy,Retail,128.9,31.8,"3,448,994","1,507,038",3,2,2017,
761,Jacques Prévot Artifices,jacques-prevot.fr,France,Retail,100.7,26.2,"4,303,360","2,143,775",16,10,2004,
964,Loire Eco Distribution,loire-ecodistribution.com,France,Retail,64.5,18.1,"2,148,966","1,306,391",15,8,2012,
57,Loop Earplugs,loopearplugs.com,Belgium,Retail,1453.7,149.5,189623984,12204621,286,22,2016,
601,Ottopuntozero,ottopuntozero.it,Italy,Retail,141.8,34.2,"7,126,681","2,947,455",10,3,2016,
115,Sabor a España,sabor-espana.com,Spain,Retail,784.4,106.8,22045963,2492736,420,92,2009,
880,Sakko Groep,sakkogroep.nl,Netherlands,Retail,77.6,21.1,"399,774,616","225,144,910",81,61,1985,
324,Specscart,specscart.co.uk,UK,Retail,291.2,57.6,"3,204,354","808,317",26,15,2017,https://uk.linkedin.com/company/specscart
277,Wafflemeister,wafflemeister.com,UK,Retail,338.8,63.7,"12,874,451","2,895,016",17,23,2017,
336,Alchemy,wearealchemy.com,Ireland,Waste Management & Recycling,283.6,56.5,"772,658,994","201,430,001",285,127,2017,https://ie.linkedin.com/company/wearealchemy
537,Andusia Recovered Fuels,andusia.co.uk,UK,Waste Management & Recycling,162.9,38,"49,630,792","18,632,258",16,11,2012,https://uk.linkedin.com/company/andusia-recovered-fuels-limited
610,Axil,axil-is.com,UK,Waste Management & Recycling,136.3,33.2,"52,073,604","21,747,438",221,113,2014,https://uk.linkedin.com/company/axil-integrated-services
474,Cyclamen,cycla-men.eu,France,Waste Management & Recycling,192.7,43,"23,030,632","7,869,613",45,25,2012,
41,Cykero,cykero.com,Germany,Waste Management & Recycling,1942.9,173.4,26547530,1299500,22,1,2020,https://de.linkedin.com/company/cykero
927,Falcor Group,falcorpresse.it,Italy,Waste Management & Recycling,71.2,19.6,"7,949,419","4,644,149",21,8,2017,
626,Green Creative,green-creative.com,France,Waste Management & Recycling,132.7,32.5,"6,903,418","2,966,593",18,14,2010,
947,Klc Environnement,klc-environnement.com,France,Waste Management & Recycling,68.1,18.9,"18,364,810","10,927,120",93,50,2015,
918,Leone,leonemetalli.com,Italy,Waste Management & Recycling,72.1,19.9,"61,904,686","35,961,315",15,13,2017,
221,Sensoneo,sensoneo.com,Slovakia,Waste Management & Recycling,414.4,72.6,9298588,1807505,133,51,2017,
66,Vanbat,vanbat.it,Italy,Waste Management & Recycling,1241.1,137.6,14049352,1047575,9,3,2017,
65,8Trade,8trade.eu,Bulgaria,Wholesale,1247.4,138,3051948,226506,5,3,2019,https://bg.linkedin.com/company/8trade
729,A.N.NE,anne-gmbh.de,Germany,Wholesale,105.5,27.1,"4,546,296","2,212,000",7,5,2014,
562,Acondistec,acondistec.de,Germany,Wholesale,156.9,37,"71,409,687","27,798,343",56,24,2006,https://de.linkedin.com/company/acondistec
668,Atrium Capital,atrium-capital.com,France,Wholesale,119.6,30,"26,036,889","11,858,701",10,5,2013,https://www.linkedin.com/company/atrium-angels
936,Clareo,clareolighting.com,France,Wholesale,69.2,19.2,"42,774,501","25,285,641",99,67,2012,
707,Decotec,decotec-germany.de,Germany,Wholesale,109.3,27.9,"3,900,000","1,863,000",8,1,2020,
993,Denany,denany.de,Germany,Wholesale,60.8,17.2,"31,693,475","19,709,128",15,11,1997,
969,EG Parts Autoteile,egparts.de,Germany,Wholesale,63.9,17.9,"5,958,246","3,635,015",23,16,2005,
638,Energynat,energynat.pl,Poland,Wholesale,128.6,31.7,"95,235,127","38,739,674",28,19,2010,
965,Everlan,flo.uri.sh,France,Wholesale,64.4,18,"16,418,745","9,988,312",11,5,2014,https://hk.linkedin.com/company/everlan
967,Exeltec,exeltec.fr,France,Wholesale,64.3,18,"4,009,866","2,441,133",13,8,2005,
872,GGM Gastro International,ggmgastro.com,Germany,Wholesale,78.7,21.4,"324,702,189","181,708,405",421,271,2011,
955,Girardon Produits Alimentaires (GPA),g-p-a.fr,France,Wholesale,66.4,18.5,"10,098,800","6,070,045",23,14,2008,
930,GreenFeedCycles,greenfeed.it,Italy,Wholesale,70.8,19.5,"10,931,096","6,401,976",5,3,1985,https://www.linkedin.com/company/greenfeed-s-r-l-sustainable-feed-cycles/
693,Greyfood,greyfood.com,Germany,Wholesale,112.7,28.6,"41,236,354","19,385,895",17,10,2016,https://www.linkedin.com/company/greyfood-gmbh/
345,GT Company,gtcompany.fr,France,Wholesale,277,55.6,"61,587,098","16,334,162",59,12,2013,
338,Gustomio,gustomio.fr,France,Wholesale,281.8,56.3,"28,189,036","7,383,534",65,25,2012,https://www.linkedin.com/company/groupe-aa
732,Hockey Line Distribution,promoglace.com,France,Wholesale,105.1,27,"7,103,000","3,464,000",30,12,2004,
49,Imchex,imchex.com,Poland,Wholesale,1749.7,164.5,4675646,235073,15,2,2021,https://www.linkedin.com/company/imchex-import-z-chin/
381,Innpro,innpro.eu,Poland,Wholesale,241.6,50.6,"223,450,354","60,830,823",320,126,2013,
299,Karl & Léon,cadencier.com,France,Wholesale,311.7,60.3,"22,620,860","5,494,255",22,6,2015,
892,Kumulus Vape,kumulusvape.fr,France,Wholesale,76,20.7,"60,684,182","34,478,878",71,61,2012,
986,Latterie Di Sardegna,latteriedisardegna.com,Italy,Wholesale,61.5,17.3,"38,238,127","23,683,358",5,3,1999,
973,Lexibook,lexibook.com,France,Wholesale,63.6,17.8,"74,011,747","45,230,170",86,57,1981,
422,Maison Moulin,maisonmoulin.fr,France,Wholesale,224.7,48.1,"1,680,979","517,647",5,2,2019,https://www.linkedin.com/company/maison-moulin-chiens-et-chats
715,MSS Electronics,msselectronics.gr,Greece,Wholesale,107.9,27.6,"4,646,611","2,234,869",23,15,2008,
616,Neovad,neovad.fr,France,Wholesale,134.5,32.9,"16,563,645","7,063,082",14,11,2015,
628,Oga - One Generation Ahead,ogasrl.com,Italy,Wholesale,130.7,32.1,"13,943,291","6,043,525",6,1,2007,
868,Omer-Decugis & Cie,omerdecugis.com,France,Wholesale,79.5,21.5,"246,954,537","137,604,049",209,126,1850,
442,OrangeSmile,orangesmile.nl,Netherlands,Wholesale,207.4,45.4,"7,651,000","2,489,000",8,4,2019,
863,PBN Coatings,pbncoatings.de,Germany,Wholesale,80.3,21.7,"4,328,344","2,400,599",16,13,2017,
802,Silverline Italia,silverlineitalia.com,Italy,Wholesale,92.2,24.3,"7,224,710","3,758,268",9,0,2017,https://www.linkedin.com/company/silverline-tools
141,Solarkit Europe,solar-kit.eu,Hungary,Wholesale,683.4,98.6,31011829,4410509,52,13,2018,
784,Storia E Sapori,storiaesapori.com,France,Wholesale,95.8,25.1,"19,807,376","10,116,891",30,21,2014,
957,Trad'Union FL,tradunion-fl.fr,France,Wholesale,66,18.4,"6,032,510","3,634,305",4,3,2012,
